image_path,filename,label,label_name
data\raw\ACRIMA\train\Glaucoma\Im310_g_ACRIMA.jpg,Im310_g_ACRIMA.jpg,1,Glaucoma
data\raw\ACRIMA\train\Glaucoma\Im311_g_ACRIMA.jpg,Im311_g_ACRIMA.jpg,1,Glaucoma
data\raw\ACRIMA\train\Glaucoma\Im312_g_ACRIMA.jpg,Im312_g_ACRIMA.jpg,1,Glaucoma
data\raw\ACRIMA\train\Glaucoma\Im313_g_ACRIMA.jpg,Im313_g_ACRIMA.jpg,1,Glaucoma
data\raw\ACRIMA\train\Glaucoma\Im314_g_ACRIMA.jpg,Im314_g_ACRIMA.jpg,1,Glaucoma
data\raw\ACRIMA\train\Glaucoma\Im315_g_ACRIMA.jpg,Im315_g_ACRIMA.jpg,1,Glaucoma
data\raw\ACRIMA\train\Glaucoma\Im316_g_ACRIMA.jpg,Im316_g_ACRIMA.jpg,1,Glaucoma
data\raw\ACRIMA\train\Glaucoma\Im317_g_ACRIMA.jpg,Im317_g_ACRIMA.jpg,1,Glaucoma
data\raw\ACRIMA\train\Glaucoma\Im318_g_ACRIMA.jpg,Im318_g_ACRIMA.jpg,1,Glaucoma
data\raw\ACRIMA\train\Glaucoma\Im319_g_ACRIMA.jpg,Im319_g_ACRIMA.jpg,1,Glaucoma
data\raw\ACRIMA\train\Glaucoma\Im320_g_ACRIMA.jpg,Im320_g_ACRIMA.jpg,1,Glaucoma
data\raw\ACRIMA\train\Glaucoma\Im321_g_ACRIMA.jpg,Im321_g_ACRIMA.jpg,1,Glaucoma
data\raw\ACRIMA\train\Glaucoma\Im327_g_ACRIMA.jpg,Im327_g_ACRIMA.jpg,1,Glaucoma
data\raw\ACRIMA\train\Glaucoma\Im328_g_ACRIMA.jpg,Im328_g_ACRIMA.jpg,1,Glaucoma
data\raw\ACRIMA\train\Glaucoma\Im329_g_ACRIMA.jpg,Im329_g_ACRIMA.jpg,1,Glaucoma
data\raw\ACRIMA\train\Glaucoma\Im330_g_ACRIMA.jpg,Im330_g_ACRIMA.jpg,1,Glaucoma
data\raw\ACRIMA\train\Glaucoma\Im331_g_ACRIMA.jpg,Im331_g_ACRIMA.jpg,1,Glaucoma
data\raw\ACRIMA\train\Glaucoma\Im332_g_ACRIMA.jpg,Im332_g_ACRIMA.jpg,1,Glaucoma
data\raw\ACRIMA\train\Glaucoma\Im333_g_ACRIMA.jpg,Im333_g_ACRIMA.jpg,1,Glaucoma
data\raw\ACRIMA\train\Glaucoma\Im334_g_ACRIMA.jpg,Im334_g_ACRIMA.jpg,1,Glaucoma
data\raw\ACRIMA\train\Glaucoma\Im335_g_ACRIMA.jpg,Im335_g_ACRIMA.jpg,1,Glaucoma
data\raw\ACRIMA\train\Glaucoma\Im336_g_ACRIMA.jpg,Im336_g_ACRIMA.jpg,1,Glaucoma
data\raw\ACRIMA\train\Glaucoma\Im337_g_ACRIMA.jpg,Im337_g_ACRIMA.jpg,1,Glaucoma
data\raw\ACRIMA\train\Glaucoma\Im339_g_ACRIMA.jpg,Im339_g_ACRIMA.jpg,1,Glaucoma
data\raw\ACRIMA\train\Glaucoma\Im340_g_ACRIMA.jpg,Im340_g_ACRIMA.jpg,1,Glaucoma
data\raw\ACRIMA\train\Glaucoma\Im341_g_ACRIMA.jpg,Im341_g_ACRIMA.jpg,1,Glaucoma
data\raw\ACRIMA\train\Glaucoma\Im342_g_ACRIMA.jpg,Im342_g_ACRIMA.jpg,1,Glaucoma
data\raw\ACRIMA\train\Glaucoma\Im343_g_ACRIMA.jpg,Im343_g_ACRIMA.jpg,1,Glaucoma
data\raw\ACRIMA\train\Glaucoma\Im344_g_ACRIMA.jpg,Im344_g_ACRIMA.jpg,1,Glaucoma
data\raw\ACRIMA\train\Glaucoma\Im346_g_ACRIMA.jpg,Im346_g_ACRIMA.jpg,1,Glaucoma
data\raw\ACRIMA\train\Glaucoma\Im347_g_ACRIMA.jpg,Im347_g_ACRIMA.jpg,1,Glaucoma
data\raw\ACRIMA\train\Glaucoma\Im348_g_ACRIMA.jpg,Im348_g_ACRIMA.jpg,1,Glaucoma
data\raw\ACRIMA\train\Glaucoma\Im349_g_ACRIMA.jpg,Im349_g_ACRIMA.jpg,1,Glaucoma
data\raw\ACRIMA\train\Glaucoma\Im350_g_ACRIMA.jpg,Im350_g_ACRIMA.jpg,1,Glaucoma
data\raw\ACRIMA\train\Glaucoma\Im351_g_ACRIMA.jpg,Im351_g_ACRIMA.jpg,1,Glaucoma
data\raw\ACRIMA\train\Glaucoma\Im352_g_ACRIMA.jpg,Im352_g_ACRIMA.jpg,1,Glaucoma
data\raw\ACRIMA\train\Glaucoma\Im353_g_ACRIMA.jpg,Im353_g_ACRIMA.jpg,1,Glaucoma
data\raw\ACRIMA\train\Glaucoma\Im355_g_ACRIMA.jpg,Im355_g_ACRIMA.jpg,1,Glaucoma
data\raw\ACRIMA\train\Glaucoma\Im357_g_ACRIMA.jpg,Im357_g_ACRIMA.jpg,1,Glaucoma
data\raw\ACRIMA\train\Glaucoma\Im358_g_ACRIMA.jpg,Im358_g_ACRIMA.jpg,1,Glaucoma
data\raw\ACRIMA\train\Glaucoma\Im359_g_ACRIMA.jpg,Im359_g_ACRIMA.jpg,1,Glaucoma
data\raw\ACRIMA\train\Glaucoma\Im361_g_ACRIMA.jpg,Im361_g_ACRIMA.jpg,1,Glaucoma
data\raw\ACRIMA\train\Glaucoma\Im362_g_ACRIMA.jpg,Im362_g_ACRIMA.jpg,1,Glaucoma
data\raw\ACRIMA\train\Glaucoma\Im363_g_ACRIMA.jpg,Im363_g_ACRIMA.jpg,1,Glaucoma
data\raw\ACRIMA\train\Glaucoma\Im364_g_ACRIMA.jpg,Im364_g_ACRIMA.jpg,1,Glaucoma
data\raw\ACRIMA\train\Glaucoma\Im365_g_ACRIMA.jpg,Im365_g_ACRIMA.jpg,1,Glaucoma
data\raw\ACRIMA\train\Glaucoma\Im366_g_ACRIMA.jpg,Im366_g_ACRIMA.jpg,1,Glaucoma
data\raw\ACRIMA\train\Glaucoma\Im367_g_ACRIMA.jpg,Im367_g_ACRIMA.jpg,1,Glaucoma
data\raw\ACRIMA\train\Glaucoma\Im368_g_ACRIMA.jpg,Im368_g_ACRIMA.jpg,1,Glaucoma
data\raw\ACRIMA\train\Glaucoma\Im369_g_ACRIMA.jpg,Im369_g_ACRIMA.jpg,1,Glaucoma
data\raw\ACRIMA\train\Glaucoma\Im370_g_ACRIMA.jpg,Im370_g_ACRIMA.jpg,1,Glaucoma
data\raw\ACRIMA\train\Glaucoma\Im371_g_ACRIMA.jpg,Im371_g_ACRIMA.jpg,1,Glaucoma
data\raw\ACRIMA\train\Glaucoma\Im372_g_ACRIMA.jpg,Im372_g_ACRIMA.jpg,1,Glaucoma
data\raw\ACRIMA\train\Glaucoma\Im373_g_ACRIMA.jpg,Im373_g_ACRIMA.jpg,1,Glaucoma
data\raw\ACRIMA\train\Glaucoma\Im374_g_ACRIMA.jpg,Im374_g_ACRIMA.jpg,1,Glaucoma
data\raw\ACRIMA\train\Glaucoma\Im376_g_ACRIMA.jpg,Im376_g_ACRIMA.jpg,1,Glaucoma
data\raw\ACRIMA\train\Glaucoma\Im377_g_ACRIMA.jpg,Im377_g_ACRIMA.jpg,1,Glaucoma
data\raw\ACRIMA\train\Glaucoma\Im378_g_ACRIMA.jpg,Im378_g_ACRIMA.jpg,1,Glaucoma
data\raw\ACRIMA\train\Glaucoma\Im379_g_ACRIMA.jpg,Im379_g_ACRIMA.jpg,1,Glaucoma
data\raw\ACRIMA\train\Glaucoma\Im380_g_ACRIMA.jpg,Im380_g_ACRIMA.jpg,1,Glaucoma
data\raw\ACRIMA\train\Glaucoma\Im381_g_ACRIMA.jpg,Im381_g_ACRIMA.jpg,1,Glaucoma
data\raw\ACRIMA\train\Glaucoma\Im382_g_ACRIMA.jpg,Im382_g_ACRIMA.jpg,1,Glaucoma
data\raw\ACRIMA\train\Glaucoma\Im383_g_ACRIMA.jpg,Im383_g_ACRIMA.jpg,1,Glaucoma
data\raw\ACRIMA\train\Glaucoma\Im384_g_ACRIMA.jpg,Im384_g_ACRIMA.jpg,1,Glaucoma
data\raw\ACRIMA\train\Glaucoma\Im385_g_ACRIMA.jpg,Im385_g_ACRIMA.jpg,1,Glaucoma
data\raw\ACRIMA\train\Glaucoma\Im386_g_ACRIMA.jpg,Im386_g_ACRIMA.jpg,1,Glaucoma
data\raw\ACRIMA\train\Glaucoma\Im387_g_ACRIMA.jpg,Im387_g_ACRIMA.jpg,1,Glaucoma
data\raw\ACRIMA\train\Glaucoma\Im388_g_ACRIMA.jpg,Im388_g_ACRIMA.jpg,1,Glaucoma
data\raw\ACRIMA\train\Glaucoma\Im389_g_ACRIMA.jpg,Im389_g_ACRIMA.jpg,1,Glaucoma
data\raw\ACRIMA\train\Glaucoma\Im390_g_ACRIMA.jpg,Im390_g_ACRIMA.jpg,1,Glaucoma
data\raw\ACRIMA\train\Glaucoma\Im391_g_ACRIMA.jpg,Im391_g_ACRIMA.jpg,1,Glaucoma
data\raw\ACRIMA\train\Glaucoma\Im392_g_ACRIMA.jpg,Im392_g_ACRIMA.jpg,1,Glaucoma
data\raw\ACRIMA\train\Glaucoma\Im393_g_ACRIMA.jpg,Im393_g_ACRIMA.jpg,1,Glaucoma
data\raw\ACRIMA\train\Glaucoma\Im394_g_ACRIMA.jpg,Im394_g_ACRIMA.jpg,1,Glaucoma
data\raw\ACRIMA\train\Glaucoma\Im395_g_ACRIMA.jpg,Im395_g_ACRIMA.jpg,1,Glaucoma
data\raw\ACRIMA\train\Glaucoma\Im396_g_ACRIMA.jpg,Im396_g_ACRIMA.jpg,1,Glaucoma
data\raw\ACRIMA\train\Glaucoma\Im397_g_ACRIMA.jpg,Im397_g_ACRIMA.jpg,1,Glaucoma
data\raw\ACRIMA\train\Glaucoma\Im398_g_ACRIMA.jpg,Im398_g_ACRIMA.jpg,1,Glaucoma
data\raw\ACRIMA\train\Glaucoma\Im399_g_ACRIMA.jpg,Im399_g_ACRIMA.jpg,1,Glaucoma
data\raw\ACRIMA\train\Glaucoma\Im400_g_ACRIMA.jpg,Im400_g_ACRIMA.jpg,1,Glaucoma
data\raw\ACRIMA\train\Glaucoma\Im401_g_ACRIMA.jpg,Im401_g_ACRIMA.jpg,1,Glaucoma
data\raw\ACRIMA\train\Glaucoma\Im402_g_ACRIMA.jpg,Im402_g_ACRIMA.jpg,1,Glaucoma
data\raw\ACRIMA\train\Glaucoma\Im403_g_ACRIMA.jpg,Im403_g_ACRIMA.jpg,1,Glaucoma
data\raw\ACRIMA\train\Glaucoma\Im404_g_ACRIMA.jpg,Im404_g_ACRIMA.jpg,1,Glaucoma
data\raw\ACRIMA\train\Glaucoma\Im405_g_ACRIMA.jpg,Im405_g_ACRIMA.jpg,1,Glaucoma
data\raw\ACRIMA\train\Glaucoma\Im406_g_ACRIMA.jpg,Im406_g_ACRIMA.jpg,1,Glaucoma
data\raw\ACRIMA\train\Glaucoma\Im407_g_ACRIMA.jpg,Im407_g_ACRIMA.jpg,1,Glaucoma
data\raw\ACRIMA\train\Glaucoma\Im408_g_ACRIMA.jpg,Im408_g_ACRIMA.jpg,1,Glaucoma
data\raw\ACRIMA\train\Glaucoma\Im409_g_ACRIMA.jpg,Im409_g_ACRIMA.jpg,1,Glaucoma
data\raw\ACRIMA\train\Glaucoma\Im410_g_ACRIMA.jpg,Im410_g_ACRIMA.jpg,1,Glaucoma
data\raw\ACRIMA\train\Glaucoma\Im411_g_ACRIMA.jpg,Im411_g_ACRIMA.jpg,1,Glaucoma
data\raw\ACRIMA\train\Glaucoma\Im412_g_ACRIMA.jpg,Im412_g_ACRIMA.jpg,1,Glaucoma
data\raw\ACRIMA\train\Glaucoma\Im413_g_ACRIMA.jpg,Im413_g_ACRIMA.jpg,1,Glaucoma
data\raw\ACRIMA\train\Glaucoma\Im414_g_ACRIMA.jpg,Im414_g_ACRIMA.jpg,1,Glaucoma
data\raw\ACRIMA\train\Glaucoma\Im415_g_ACRIMA.jpg,Im415_g_ACRIMA.jpg,1,Glaucoma
data\raw\ACRIMA\train\Glaucoma\Im416_g_ACRIMA.jpg,Im416_g_ACRIMA.jpg,1,Glaucoma
data\raw\ACRIMA\train\Glaucoma\Im417_g_ACRIMA.jpg,Im417_g_ACRIMA.jpg,1,Glaucoma
data\raw\ACRIMA\train\Glaucoma\Im418_g_ACRIMA.jpg,Im418_g_ACRIMA.jpg,1,Glaucoma
data\raw\ACRIMA\train\Glaucoma\Im419_g_ACRIMA.jpg,Im419_g_ACRIMA.jpg,1,Glaucoma
data\raw\ACRIMA\train\Glaucoma\Im420_g_ACRIMA.jpg,Im420_g_ACRIMA.jpg,1,Glaucoma
data\raw\ACRIMA\train\Glaucoma\Im421_g_ACRIMA.jpg,Im421_g_ACRIMA.jpg,1,Glaucoma
data\raw\ACRIMA\train\Glaucoma\Im422_g_ACRIMA.jpg,Im422_g_ACRIMA.jpg,1,Glaucoma
data\raw\ACRIMA\train\Glaucoma\Im423_g_ACRIMA.jpg,Im423_g_ACRIMA.jpg,1,Glaucoma
data\raw\ACRIMA\train\Glaucoma\Im424_g_ACRIMA.jpg,Im424_g_ACRIMA.jpg,1,Glaucoma
data\raw\ACRIMA\train\Glaucoma\Im425_g_ACRIMA.jpg,Im425_g_ACRIMA.jpg,1,Glaucoma
data\raw\ACRIMA\train\Glaucoma\Im426_g_ACRIMA.jpg,Im426_g_ACRIMA.jpg,1,Glaucoma
data\raw\ACRIMA\train\Glaucoma\Im427_g_ACRIMA.jpg,Im427_g_ACRIMA.jpg,1,Glaucoma
data\raw\ACRIMA\train\Glaucoma\Im428_g_ACRIMA.jpg,Im428_g_ACRIMA.jpg,1,Glaucoma
data\raw\ACRIMA\train\Glaucoma\Im429_g_ACRIMA.jpg,Im429_g_ACRIMA.jpg,1,Glaucoma
data\raw\ACRIMA\train\Glaucoma\Im436_g_ACRIMA.jpg,Im436_g_ACRIMA.jpg,1,Glaucoma
data\raw\ACRIMA\train\Glaucoma\Im437_g_ACRIMA.jpg,Im437_g_ACRIMA.jpg,1,Glaucoma
data\raw\ACRIMA\train\Glaucoma\Im438_g_ACRIMA.jpg,Im438_g_ACRIMA.jpg,1,Glaucoma
data\raw\ACRIMA\train\Glaucoma\Im439_g_ACRIMA.jpg,Im439_g_ACRIMA.jpg,1,Glaucoma
data\raw\ACRIMA\train\Glaucoma\Im440_g_ACRIMA.jpg,Im440_g_ACRIMA.jpg,1,Glaucoma
data\raw\ACRIMA\train\Glaucoma\Im441_g_ACRIMA.jpg,Im441_g_ACRIMA.jpg,1,Glaucoma
data\raw\ACRIMA\train\Glaucoma\Im442_g_ACRIMA.jpg,Im442_g_ACRIMA.jpg,1,Glaucoma
data\raw\ACRIMA\train\Glaucoma\Im444_g_ACRIMA.jpg,Im444_g_ACRIMA.jpg,1,Glaucoma
data\raw\ACRIMA\train\Glaucoma\Im445_g_ACRIMA.jpg,Im445_g_ACRIMA.jpg,1,Glaucoma
data\raw\ACRIMA\train\Glaucoma\Im446_g_ACRIMA.jpg,Im446_g_ACRIMA.jpg,1,Glaucoma
data\raw\ACRIMA\train\Glaucoma\Im447_g_ACRIMA.jpg,Im447_g_ACRIMA.jpg,1,Glaucoma
data\raw\ACRIMA\train\Glaucoma\Im448_g_ACRIMA.jpg,Im448_g_ACRIMA.jpg,1,Glaucoma
data\raw\ACRIMA\train\Glaucoma\Im449_g_ACRIMA.jpg,Im449_g_ACRIMA.jpg,1,Glaucoma
data\raw\ACRIMA\train\Glaucoma\Im450_g_ACRIMA.jpg,Im450_g_ACRIMA.jpg,1,Glaucoma
data\raw\ACRIMA\train\Glaucoma\Im451_g_ACRIMA.jpg,Im451_g_ACRIMA.jpg,1,Glaucoma
data\raw\ACRIMA\train\Glaucoma\Im453_g_ACRIMA.jpg,Im453_g_ACRIMA.jpg,1,Glaucoma
data\raw\ACRIMA\train\Glaucoma\Im454_g_ACRIMA.jpg,Im454_g_ACRIMA.jpg,1,Glaucoma
data\raw\ACRIMA\train\Glaucoma\Im455_g_ACRIMA.jpg,Im455_g_ACRIMA.jpg,1,Glaucoma
data\raw\ACRIMA\train\Glaucoma\Im456_g_ACRIMA.jpg,Im456_g_ACRIMA.jpg,1,Glaucoma
data\raw\ACRIMA\train\Glaucoma\Im457_g_ACRIMA.jpg,Im457_g_ACRIMA.jpg,1,Glaucoma
data\raw\ACRIMA\train\Glaucoma\Im460_g_ACRIMA.jpg,Im460_g_ACRIMA.jpg,1,Glaucoma
data\raw\ACRIMA\train\Glaucoma\Im461_g_ACRIMA.jpg,Im461_g_ACRIMA.jpg,1,Glaucoma
data\raw\ACRIMA\train\Glaucoma\Im462_g_ACRIMA.jpg,Im462_g_ACRIMA.jpg,1,Glaucoma
data\raw\ACRIMA\train\Glaucoma\Im463_g_ACRIMA.jpg,Im463_g_ACRIMA.jpg,1,Glaucoma
data\raw\ACRIMA\train\Glaucoma\Im465_g_ACRIMA.jpg,Im465_g_ACRIMA.jpg,1,Glaucoma
data\raw\ACRIMA\train\Glaucoma\Im466_g_ACRIMA.jpg,Im466_g_ACRIMA.jpg,1,Glaucoma
data\raw\ACRIMA\train\Glaucoma\Im467_g_ACRIMA.jpg,Im467_g_ACRIMA.jpg,1,Glaucoma
data\raw\ACRIMA\train\Glaucoma\Im468_g_ACRIMA.jpg,Im468_g_ACRIMA.jpg,1,Glaucoma
data\raw\ACRIMA\train\Glaucoma\Im469_g_ACRIMA.jpg,Im469_g_ACRIMA.jpg,1,Glaucoma
data\raw\ACRIMA\train\Glaucoma\Im470_g_ACRIMA.jpg,Im470_g_ACRIMA.jpg,1,Glaucoma
data\raw\ACRIMA\train\Glaucoma\Im471_g_ACRIMA.jpg,Im471_g_ACRIMA.jpg,1,Glaucoma
data\raw\ACRIMA\train\Glaucoma\Im472_g_ACRIMA.jpg,Im472_g_ACRIMA.jpg,1,Glaucoma
data\raw\ACRIMA\train\Glaucoma\Im473_g_ACRIMA.jpg,Im473_g_ACRIMA.jpg,1,Glaucoma
data\raw\ACRIMA\train\Glaucoma\Im474_g_ACRIMA.jpg,Im474_g_ACRIMA.jpg,1,Glaucoma
data\raw\ACRIMA\train\Glaucoma\Im475_g_ACRIMA.jpg,Im475_g_ACRIMA.jpg,1,Glaucoma
data\raw\ACRIMA\train\Glaucoma\Im476_g_ACRIMA.jpg,Im476_g_ACRIMA.jpg,1,Glaucoma
data\raw\ACRIMA\train\Glaucoma\Im477_g_ACRIMA.jpg,Im477_g_ACRIMA.jpg,1,Glaucoma
data\raw\ACRIMA\train\Glaucoma\Im488_g_ACRIMA.jpg,Im488_g_ACRIMA.jpg,1,Glaucoma
data\raw\ACRIMA\train\Glaucoma\Im489_g_ACRIMA.jpg,Im489_g_ACRIMA.jpg,1,Glaucoma
data\raw\ACRIMA\train\Glaucoma\Im490_g_ACRIMA.jpg,Im490_g_ACRIMA.jpg,1,Glaucoma
data\raw\ACRIMA\train\Glaucoma\Im491_g_ACRIMA.jpg,Im491_g_ACRIMA.jpg,1,Glaucoma
data\raw\ACRIMA\train\Glaucoma\Im492_g_ACRIMA.jpg,Im492_g_ACRIMA.jpg,1,Glaucoma
data\raw\ACRIMA\train\Glaucoma\Im493_g_ACRIMA.jpg,Im493_g_ACRIMA.jpg,1,Glaucoma
data\raw\ACRIMA\train\Glaucoma\Im494_g_ACRIMA.jpg,Im494_g_ACRIMA.jpg,1,Glaucoma
data\raw\ACRIMA\train\Glaucoma\Im495_g_ACRIMA.jpg,Im495_g_ACRIMA.jpg,1,Glaucoma
data\raw\ACRIMA\train\Glaucoma\Im496_g_ACRIMA.jpg,Im496_g_ACRIMA.jpg,1,Glaucoma
data\raw\ACRIMA\train\Glaucoma\Im497_g_ACRIMA.jpg,Im497_g_ACRIMA.jpg,1,Glaucoma
data\raw\ACRIMA\train\Glaucoma\Im498_g_ACRIMA.jpg,Im498_g_ACRIMA.jpg,1,Glaucoma
data\raw\ACRIMA\train\Glaucoma\Im499_g_ACRIMA.jpg,Im499_g_ACRIMA.jpg,1,Glaucoma
data\raw\ACRIMA\train\Glaucoma\Im500_g_ACRIMA.jpg,Im500_g_ACRIMA.jpg,1,Glaucoma
data\raw\ACRIMA\train\Glaucoma\Im501_g_ACRIMA.jpg,Im501_g_ACRIMA.jpg,1,Glaucoma
data\raw\ACRIMA\train\Glaucoma\Im502_g_ACRIMA.jpg,Im502_g_ACRIMA.jpg,1,Glaucoma
data\raw\ACRIMA\train\Glaucoma\Im503_g_ACRIMA.jpg,Im503_g_ACRIMA.jpg,1,Glaucoma
data\raw\ACRIMA\train\Glaucoma\Im504_g_ACRIMA.jpg,Im504_g_ACRIMA.jpg,1,Glaucoma
data\raw\ACRIMA\train\Glaucoma\Im505_g_ACRIMA.jpg,Im505_g_ACRIMA.jpg,1,Glaucoma
data\raw\ACRIMA\train\Glaucoma\Im506_g_ACRIMA.jpg,Im506_g_ACRIMA.jpg,1,Glaucoma
data\raw\ACRIMA\train\Glaucoma\Im507_g_ACRIMA.jpg,Im507_g_ACRIMA.jpg,1,Glaucoma
data\raw\ACRIMA\train\Glaucoma\Im508_g_ACRIMA.jpg,Im508_g_ACRIMA.jpg,1,Glaucoma
data\raw\ACRIMA\train\Glaucoma\Im509_g_ACRIMA.jpg,Im509_g_ACRIMA.jpg,1,Glaucoma
data\raw\ACRIMA\train\Glaucoma\Im510_g_ACRIMA.jpg,Im510_g_ACRIMA.jpg,1,Glaucoma
data\raw\ACRIMA\train\Glaucoma\Im511_g_ACRIMA.jpg,Im511_g_ACRIMA.jpg,1,Glaucoma
data\raw\ACRIMA\train\Glaucoma\Im512_g_ACRIMA.jpg,Im512_g_ACRIMA.jpg,1,Glaucoma
data\raw\ACRIMA\train\Glaucoma\Im513_g_ACRIMA.jpg,Im513_g_ACRIMA.jpg,1,Glaucoma
data\raw\ACRIMA\train\Glaucoma\Im514_g_ACRIMA.jpg,Im514_g_ACRIMA.jpg,1,Glaucoma
data\raw\ACRIMA\train\Glaucoma\Im515_g_ACRIMA.jpg,Im515_g_ACRIMA.jpg,1,Glaucoma
data\raw\ACRIMA\train\Glaucoma\Im516_g_ACRIMA.jpg,Im516_g_ACRIMA.jpg,1,Glaucoma
data\raw\ACRIMA\train\Glaucoma\Im517_g_ACRIMA.jpg,Im517_g_ACRIMA.jpg,1,Glaucoma
data\raw\ACRIMA\train\Glaucoma\Im518_g_ACRIMA.jpg,Im518_g_ACRIMA.jpg,1,Glaucoma
data\raw\ACRIMA\train\Glaucoma\Im519_g_ACRIMA.jpg,Im519_g_ACRIMA.jpg,1,Glaucoma
data\raw\ACRIMA\train\Glaucoma\Im520_g_ACRIMA.jpg,Im520_g_ACRIMA.jpg,1,Glaucoma
data\raw\ACRIMA\train\Glaucoma\Im521_g_ACRIMA.jpg,Im521_g_ACRIMA.jpg,1,Glaucoma
data\raw\ACRIMA\train\Glaucoma\Im522_g_ACRIMA.jpg,Im522_g_ACRIMA.jpg,1,Glaucoma
data\raw\ACRIMA\train\Glaucoma\Im523_g_ACRIMA.jpg,Im523_g_ACRIMA.jpg,1,Glaucoma
data\raw\ACRIMA\train\Glaucoma\Im524_g_ACRIMA.jpg,Im524_g_ACRIMA.jpg,1,Glaucoma
data\raw\ACRIMA\train\Glaucoma\Im525_g_ACRIMA.jpg,Im525_g_ACRIMA.jpg,1,Glaucoma
data\raw\ACRIMA\train\Glaucoma\Im526_g_ACRIMA.jpg,Im526_g_ACRIMA.jpg,1,Glaucoma
data\raw\ACRIMA\train\Glaucoma\Im527_g_ACRIMA.jpg,Im527_g_ACRIMA.jpg,1,Glaucoma
data\raw\ACRIMA\train\Glaucoma\Im528_g_ACRIMA.jpg,Im528_g_ACRIMA.jpg,1,Glaucoma
data\raw\ACRIMA\train\Glaucoma\Im529_g_ACRIMA.jpg,Im529_g_ACRIMA.jpg,1,Glaucoma
data\raw\ACRIMA\train\Glaucoma\Im530_g_ACRIMA.jpg,Im530_g_ACRIMA.jpg,1,Glaucoma
data\raw\ACRIMA\train\Glaucoma\Im531_g_ACRIMA.jpg,Im531_g_ACRIMA.jpg,1,Glaucoma
data\raw\ACRIMA\train\Glaucoma\Im532_g_ACRIMA.jpg,Im532_g_ACRIMA.jpg,1,Glaucoma
data\raw\ACRIMA\train\Glaucoma\Im533_g_ACRIMA.jpg,Im533_g_ACRIMA.jpg,1,Glaucoma
data\raw\ACRIMA\train\Glaucoma\Im534_g_ACRIMA.jpg,Im534_g_ACRIMA.jpg,1,Glaucoma
data\raw\ACRIMA\train\Glaucoma\Im535_g_ACRIMA.jpg,Im535_g_ACRIMA.jpg,1,Glaucoma
data\raw\ACRIMA\train\Glaucoma\Im536_g_ACRIMA.jpg,Im536_g_ACRIMA.jpg,1,Glaucoma
data\raw\ACRIMA\train\Glaucoma\Im537_g_ACRIMA.jpg,Im537_g_ACRIMA.jpg,1,Glaucoma
data\raw\ACRIMA\train\Glaucoma\Im538_g_ACRIMA.jpg,Im538_g_ACRIMA.jpg,1,Glaucoma
data\raw\ACRIMA\train\Glaucoma\Im539_g_ACRIMA.jpg,Im539_g_ACRIMA.jpg,1,Glaucoma
data\raw\ACRIMA\train\Glaucoma\Im540_g_ACRIMA.jpg,Im540_g_ACRIMA.jpg,1,Glaucoma
data\raw\ACRIMA\train\Glaucoma\Im541_g_ACRIMA.jpg,Im541_g_ACRIMA.jpg,1,Glaucoma
data\raw\ACRIMA\train\Glaucoma\Im542_g_ACRIMA.jpg,Im542_g_ACRIMA.jpg,1,Glaucoma
data\raw\ACRIMA\train\Glaucoma\Im543_g_ACRIMA.jpg,Im543_g_ACRIMA.jpg,1,Glaucoma
data\raw\ACRIMA\train\Glaucoma\Im544_g_ACRIMA.jpg,Im544_g_ACRIMA.jpg,1,Glaucoma
data\raw\ACRIMA\train\Glaucoma\Im545_g_ACRIMA.jpg,Im545_g_ACRIMA.jpg,1,Glaucoma
data\raw\ACRIMA\train\Glaucoma\Im546_g_ACRIMA.jpg,Im546_g_ACRIMA.jpg,1,Glaucoma
data\raw\ACRIMA\train\Glaucoma\Im547_g_ACRIMA.jpg,Im547_g_ACRIMA.jpg,1,Glaucoma
data\raw\ACRIMA\train\Glaucoma\Im548_g_ACRIMA.jpg,Im548_g_ACRIMA.jpg,1,Glaucoma
data\raw\ACRIMA\train\Glaucoma\Im549_g_ACRIMA.jpg,Im549_g_ACRIMA.jpg,1,Glaucoma
data\raw\ACRIMA\train\Glaucoma\Im550_g_ACRIMA.jpg,Im550_g_ACRIMA.jpg,1,Glaucoma
data\raw\ACRIMA\train\Glaucoma\Im551_g_ACRIMA.jpg,Im551_g_ACRIMA.jpg,1,Glaucoma
data\raw\ACRIMA\train\Glaucoma\Im552_g_ACRIMA.jpg,Im552_g_ACRIMA.jpg,1,Glaucoma
data\raw\ACRIMA\train\Glaucoma\Im555_g_ACRIMA.jpg,Im555_g_ACRIMA.jpg,1,Glaucoma
data\raw\ACRIMA\train\Glaucoma\Im556_g_ACRIMA.jpg,Im556_g_ACRIMA.jpg,1,Glaucoma
data\raw\ACRIMA\train\Glaucoma\Im557_g_ACRIMA.jpg,Im557_g_ACRIMA.jpg,1,Glaucoma
data\raw\ACRIMA\train\Glaucoma\Im558_g_ACRIMA.jpg,Im558_g_ACRIMA.jpg,1,Glaucoma
data\raw\ACRIMA\train\Glaucoma\Im559_g_ACRIMA.jpg,Im559_g_ACRIMA.jpg,1,Glaucoma
data\raw\ACRIMA\train\Glaucoma\Im560_g_ACRIMA.jpg,Im560_g_ACRIMA.jpg,1,Glaucoma
data\raw\ACRIMA\train\Glaucoma\Im561_g_ACRIMA.jpg,Im561_g_ACRIMA.jpg,1,Glaucoma
data\raw\ACRIMA\train\Glaucoma\Im562_g_ACRIMA.jpg,Im562_g_ACRIMA.jpg,1,Glaucoma
data\raw\ACRIMA\train\Glaucoma\Im563_g_ACRIMA.jpg,Im563_g_ACRIMA.jpg,1,Glaucoma
data\raw\ACRIMA\train\Glaucoma\Im564_g_ACRIMA.jpg,Im564_g_ACRIMA.jpg,1,Glaucoma
data\raw\ACRIMA\train\Glaucoma\Im565_g_ACRIMA.jpg,Im565_g_ACRIMA.jpg,1,Glaucoma
data\raw\ACRIMA\train\Glaucoma\Im567_g_ACRIMA.jpg,Im567_g_ACRIMA.jpg,1,Glaucoma
data\raw\ACRIMA\train\Glaucoma\Im568_g_ACRIMA.jpg,Im568_g_ACRIMA.jpg,1,Glaucoma
data\raw\ACRIMA\train\Glaucoma\Im569_g_ACRIMA.jpg,Im569_g_ACRIMA.jpg,1,Glaucoma
data\raw\ACRIMA\train\Glaucoma\Im570_g_ACRIMA.jpg,Im570_g_ACRIMA.jpg,1,Glaucoma
data\raw\ACRIMA\train\Glaucoma\Im571_g_ACRIMA.jpg,Im571_g_ACRIMA.jpg,1,Glaucoma
data\raw\ACRIMA\train\Glaucoma\Im572_g_ACRIMA.jpg,Im572_g_ACRIMA.jpg,1,Glaucoma
data\raw\ACRIMA\train\Glaucoma\Im573_g_ACRIMA.jpg,Im573_g_ACRIMA.jpg,1,Glaucoma
data\raw\ACRIMA\train\Glaucoma\Im574_g_ACRIMA.jpg,Im574_g_ACRIMA.jpg,1,Glaucoma
data\raw\ACRIMA\train\Glaucoma\Im576_g_ACRIMA.jpg,Im576_g_ACRIMA.jpg,1,Glaucoma
data\raw\ACRIMA\train\Glaucoma\Im577_g_ACRIMA.jpg,Im577_g_ACRIMA.jpg,1,Glaucoma
data\raw\ACRIMA\train\Glaucoma\Im578_g_ACRIMA.jpg,Im578_g_ACRIMA.jpg,1,Glaucoma
data\raw\ACRIMA\train\Glaucoma\Im579_g_ACRIMA.jpg,Im579_g_ACRIMA.jpg,1,Glaucoma
data\raw\ACRIMA\train\Glaucoma\Im580_g_ACRIMA.jpg,Im580_g_ACRIMA.jpg,1,Glaucoma
data\raw\ACRIMA\train\Glaucoma\Im581_g_ACRIMA.jpg,Im581_g_ACRIMA.jpg,1,Glaucoma
data\raw\ACRIMA\train\Glaucoma\Im582_g_ACRIMA.jpg,Im582_g_ACRIMA.jpg,1,Glaucoma
data\raw\ACRIMA\train\Glaucoma\Im583_g_ACRIMA.jpg,Im583_g_ACRIMA.jpg,1,Glaucoma
data\raw\ACRIMA\train\Glaucoma\Im584_g_ACRIMA.jpg,Im584_g_ACRIMA.jpg,1,Glaucoma
data\raw\ACRIMA\train\Glaucoma\Im586_g_ACRIMA.jpg,Im586_g_ACRIMA.jpg,1,Glaucoma
data\raw\ACRIMA\train\Glaucoma\Im587_g_ACRIMA.jpg,Im587_g_ACRIMA.jpg,1,Glaucoma
data\raw\ACRIMA\train\Glaucoma\Im588_g_ACRIMA.jpg,Im588_g_ACRIMA.jpg,1,Glaucoma
data\raw\ACRIMA\train\Glaucoma\Im589_g_ACRIMA.jpg,Im589_g_ACRIMA.jpg,1,Glaucoma
data\raw\ACRIMA\train\Glaucoma\Im590_g_ACRIMA.jpg,Im590_g_ACRIMA.jpg,1,Glaucoma
data\raw\ACRIMA\train\Glaucoma\Im591_g_ACRIMA.jpg,Im591_g_ACRIMA.jpg,1,Glaucoma
data\raw\ACRIMA\train\Glaucoma\Im593_g_ACRIMA.jpg,Im593_g_ACRIMA.jpg,1,Glaucoma
data\raw\ACRIMA\train\Glaucoma\Im595_g_ACRIMA.jpg,Im595_g_ACRIMA.jpg,1,Glaucoma
data\raw\ACRIMA\train\Glaucoma\Im596_g_ACRIMA.jpg,Im596_g_ACRIMA.jpg,1,Glaucoma
data\raw\ACRIMA\train\Glaucoma\Im597_g_ACRIMA.jpg,Im597_g_ACRIMA.jpg,1,Glaucoma
data\raw\ACRIMA\train\Glaucoma\Im599_g_ACRIMA.jpg,Im599_g_ACRIMA.jpg,1,Glaucoma
data\raw\ACRIMA\train\Glaucoma\Im600_g_ACRIMA.jpg,Im600_g_ACRIMA.jpg,1,Glaucoma
data\raw\ACRIMA\train\Glaucoma\Im601_g_ACRIMA.jpg,Im601_g_ACRIMA.jpg,1,Glaucoma
data\raw\ACRIMA\train\Glaucoma\Im603_g_ACRIMA.jpg,Im603_g_ACRIMA.jpg,1,Glaucoma
data\raw\ACRIMA\train\Glaucoma\Im604_g_ACRIMA.jpg,Im604_g_ACRIMA.jpg,1,Glaucoma
data\raw\ACRIMA\train\Glaucoma\Im605_g_ACRIMA.jpg,Im605_g_ACRIMA.jpg,1,Glaucoma
data\raw\ACRIMA\train\Glaucoma\Im606_g_ACRIMA.jpg,Im606_g_ACRIMA.jpg,1,Glaucoma
data\raw\ACRIMA\train\Glaucoma\Im607_g_ACRIMA.jpg,Im607_g_ACRIMA.jpg,1,Glaucoma
data\raw\ACRIMA\train\Glaucoma\Im608_g_ACRIMA.jpg,Im608_g_ACRIMA.jpg,1,Glaucoma
data\raw\ACRIMA\train\Glaucoma\Im609_g_ACRIMA.jpg,Im609_g_ACRIMA.jpg,1,Glaucoma
data\raw\ACRIMA\train\Glaucoma\Im610_g_ACRIMA.jpg,Im610_g_ACRIMA.jpg,1,Glaucoma
data\raw\ACRIMA\train\Glaucoma\Im611_g_ACRIMA.jpg,Im611_g_ACRIMA.jpg,1,Glaucoma
data\raw\ACRIMA\train\Glaucoma\Im612_g_ACRIMA.jpg,Im612_g_ACRIMA.jpg,1,Glaucoma
data\raw\ACRIMA\train\Glaucoma\Im613_g_ACRIMA.jpg,Im613_g_ACRIMA.jpg,1,Glaucoma
data\raw\ACRIMA\train\Glaucoma\Im614_g_ACRIMA.jpg,Im614_g_ACRIMA.jpg,1,Glaucoma
data\raw\ACRIMA\train\Glaucoma\Im616_g_ACRIMA.jpg,Im616_g_ACRIMA.jpg,1,Glaucoma
data\raw\ACRIMA\train\Glaucoma\Im617_g_ACRIMA.jpg,Im617_g_ACRIMA.jpg,1,Glaucoma
data\raw\ACRIMA\train\Glaucoma\Im619_g_ACRIMA.jpg,Im619_g_ACRIMA.jpg,1,Glaucoma
data\raw\ACRIMA\train\Glaucoma\Im620_g_ACRIMA.jpg,Im620_g_ACRIMA.jpg,1,Glaucoma
data\raw\ACRIMA\train\Glaucoma\Im621_g_ACRIMA.jpg,Im621_g_ACRIMA.jpg,1,Glaucoma
data\raw\ACRIMA\train\Glaucoma\Im622_g_ACRIMA.jpg,Im622_g_ACRIMA.jpg,1,Glaucoma
data\raw\ACRIMA\train\Glaucoma\Im623_g_ACRIMA.jpg,Im623_g_ACRIMA.jpg,1,Glaucoma
data\raw\ACRIMA\train\Glaucoma\Im624_g_ACRIMA.jpg,Im624_g_ACRIMA.jpg,1,Glaucoma
data\raw\ACRIMA\train\Glaucoma\Im625_g_ACRIMA.jpg,Im625_g_ACRIMA.jpg,1,Glaucoma
data\raw\ACRIMA\train\Glaucoma\Im626_g_ACRIMA.jpg,Im626_g_ACRIMA.jpg,1,Glaucoma
data\raw\ACRIMA\train\Glaucoma\Im627_g_ACRIMA.jpg,Im627_g_ACRIMA.jpg,1,Glaucoma
data\raw\ACRIMA\train\Glaucoma\Im628_g_ACRIMA.jpg,Im628_g_ACRIMA.jpg,1,Glaucoma
data\raw\ACRIMA\train\Glaucoma\Im629_g_ACRIMA.jpg,Im629_g_ACRIMA.jpg,1,Glaucoma
data\raw\ACRIMA\train\Glaucoma\Im631_g_ACRIMA.jpg,Im631_g_ACRIMA.jpg,1,Glaucoma
data\raw\ACRIMA\train\Glaucoma\Im632_g_ACRIMA.jpg,Im632_g_ACRIMA.jpg,1,Glaucoma
data\raw\ACRIMA\train\Glaucoma\Im633_g_ACRIMA.jpg,Im633_g_ACRIMA.jpg,1,Glaucoma
data\raw\ACRIMA\train\Glaucoma\Im634_g_ACRIMA.jpg,Im634_g_ACRIMA.jpg,1,Glaucoma
data\raw\ACRIMA\train\Glaucoma\Im635_g_ACRIMA.jpg,Im635_g_ACRIMA.jpg,1,Glaucoma
data\raw\ACRIMA\train\Glaucoma\Im636_g_ACRIMA.jpg,Im636_g_ACRIMA.jpg,1,Glaucoma
data\raw\ACRIMA\train\Glaucoma\Im637_g_ACRIMA.jpg,Im637_g_ACRIMA.jpg,1,Glaucoma
data\raw\ACRIMA\train\Glaucoma\Im638_g_ACRIMA.jpg,Im638_g_ACRIMA.jpg,1,Glaucoma
data\raw\ACRIMA\train\Glaucoma\Im639_g_ACRIMA.jpg,Im639_g_ACRIMA.jpg,1,Glaucoma
data\raw\ACRIMA\train\Glaucoma\Im641_g_ACRIMA.jpg,Im641_g_ACRIMA.jpg,1,Glaucoma
data\raw\ACRIMA\train\Glaucoma\Im643_g_ACRIMA.jpg,Im643_g_ACRIMA.jpg,1,Glaucoma
data\raw\ACRIMA\train\Glaucoma\Im644_g_ACRIMA.jpg,Im644_g_ACRIMA.jpg,1,Glaucoma
data\raw\ACRIMA\train\Glaucoma\Im645_g_ACRIMA.jpg,Im645_g_ACRIMA.jpg,1,Glaucoma
data\raw\ACRIMA\train\Glaucoma\Im646_g_ACRIMA.jpg,Im646_g_ACRIMA.jpg,1,Glaucoma
data\raw\ACRIMA\train\Glaucoma\Im648_g_ACRIMA.jpg,Im648_g_ACRIMA.jpg,1,Glaucoma
data\raw\ACRIMA\train\Glaucoma\Im649_g_ACRIMA.jpg,Im649_g_ACRIMA.jpg,1,Glaucoma
data\raw\ACRIMA\train\Glaucoma\Im650_g_ACRIMA.jpg,Im650_g_ACRIMA.jpg,1,Glaucoma
data\raw\ACRIMA\train\Glaucoma\Im651_g_ACRIMA.jpg,Im651_g_ACRIMA.jpg,1,Glaucoma
data\raw\ACRIMA\train\Glaucoma\Im653_g_ACRIMA.jpg,Im653_g_ACRIMA.jpg,1,Glaucoma
data\raw\ACRIMA\train\Glaucoma\Im654_g_ACRIMA.jpg,Im654_g_ACRIMA.jpg,1,Glaucoma
data\raw\ACRIMA\train\Glaucoma\Im655_g_ACRIMA.jpg,Im655_g_ACRIMA.jpg,1,Glaucoma
data\raw\ACRIMA\train\Glaucoma\Im656_g_ACRIMA.jpg,Im656_g_ACRIMA.jpg,1,Glaucoma
data\raw\ACRIMA\train\Glaucoma\Im657_g_ACRIMA.jpg,Im657_g_ACRIMA.jpg,1,Glaucoma
data\raw\ACRIMA\train\Glaucoma\Im658_g_ACRIMA.jpg,Im658_g_ACRIMA.jpg,1,Glaucoma
data\raw\ACRIMA\train\Glaucoma\Im659_g_ACRIMA.jpg,Im659_g_ACRIMA.jpg,1,Glaucoma
data\raw\ACRIMA\train\Glaucoma\Im660_g_ACRIMA.jpg,Im660_g_ACRIMA.jpg,1,Glaucoma
data\raw\ACRIMA\train\Glaucoma\Im661_g_ACRIMA.jpg,Im661_g_ACRIMA.jpg,1,Glaucoma
data\raw\ACRIMA\train\Glaucoma\Im662_g_ACRIMA.jpg,Im662_g_ACRIMA.jpg,1,Glaucoma
data\raw\ACRIMA\train\Glaucoma\Im663_g_ACRIMA.jpg,Im663_g_ACRIMA.jpg,1,Glaucoma
data\raw\ACRIMA\train\Glaucoma\Im664_g_ACRIMA.jpg,Im664_g_ACRIMA.jpg,1,Glaucoma
data\raw\ACRIMA\train\Glaucoma\Im665_g_ACRIMA.jpg,Im665_g_ACRIMA.jpg,1,Glaucoma
data\raw\ACRIMA\train\Glaucoma\Im666_g_ACRIMA.jpg,Im666_g_ACRIMA.jpg,1,Glaucoma
data\raw\ACRIMA\train\Glaucoma\Im667_g_ACRIMA.jpg,Im667_g_ACRIMA.jpg,1,Glaucoma
data\raw\ACRIMA\train\Glaucoma\Im668_g_ACRIMA.jpg,Im668_g_ACRIMA.jpg,1,Glaucoma
data\raw\ACRIMA\train\Glaucoma\Im669_g_ACRIMA.jpg,Im669_g_ACRIMA.jpg,1,Glaucoma
data\raw\ACRIMA\train\Glaucoma\Im681_g_ACRIMA.jpg,Im681_g_ACRIMA.jpg,1,Glaucoma
data\raw\ACRIMA\train\Glaucoma\Im693_g_ACRIMA.jpg,Im693_g_ACRIMA.jpg,1,Glaucoma
data\raw\ACRIMA\train\Glaucoma\Im694_g_ACRIMA.jpg,Im694_g_ACRIMA.jpg,1,Glaucoma
data\raw\ACRIMA\train\Glaucoma\Im695_g_ACRIMA.jpg,Im695_g_ACRIMA.jpg,1,Glaucoma
data\raw\ACRIMA\train\Glaucoma\Im696_g_ACRIMA.jpg,Im696_g_ACRIMA.jpg,1,Glaucoma
data\raw\ACRIMA\train\Glaucoma\Im697_g_ACRIMA.jpg,Im697_g_ACRIMA.jpg,1,Glaucoma
data\raw\ACRIMA\train\Glaucoma\Im698_g_ACRIMA.jpg,Im698_g_ACRIMA.jpg,1,Glaucoma
data\raw\ACRIMA\train\Glaucoma\Im699_g_ACRIMA.jpg,Im699_g_ACRIMA.jpg,1,Glaucoma
data\raw\ACRIMA\train\Glaucoma\Im700_g_ACRIMA.jpg,Im700_g_ACRIMA.jpg,1,Glaucoma
data\raw\ACRIMA\train\Glaucoma\Im701_g_ACRIMA.jpg,Im701_g_ACRIMA.jpg,1,Glaucoma
data\raw\ACRIMA\train\Glaucoma\Im702_g_ACRIMA.JPG,Im702_g_ACRIMA.JPG,1,Glaucoma
data\raw\ACRIMA\train\Glaucoma\Im703_g_ACRIMA.JPG,Im703_g_ACRIMA.JPG,1,Glaucoma
data\raw\ACRIMA\train\Glaucoma\Im704_g_ACRIMA.jpg,Im704_g_ACRIMA.jpg,1,Glaucoma
data\raw\ACRIMA\train\Glaucoma\Im705_g_ACRIMA.jpg,Im705_g_ACRIMA.jpg,1,Glaucoma
data\raw\ACRIMA\train\Non Glaucoma\Im001_ACRIMA.jpg,Im001_ACRIMA.jpg,0,Normal
data\raw\ACRIMA\train\Non Glaucoma\Im002_ACRIMA.jpg,Im002_ACRIMA.jpg,0,Normal
data\raw\ACRIMA\train\Non Glaucoma\Im003_ACRIMA.jpg,Im003_ACRIMA.jpg,0,Normal
data\raw\ACRIMA\train\Non Glaucoma\Im004_ACRIMA.jpg,Im004_ACRIMA.jpg,0,Normal
data\raw\ACRIMA\train\Non Glaucoma\Im005_ACRIMA.jpg,Im005_ACRIMA.jpg,0,Normal
data\raw\ACRIMA\train\Non Glaucoma\Im006_ACRIMA.jpg,Im006_ACRIMA.jpg,0,Normal
data\raw\ACRIMA\train\Non Glaucoma\Im007_ACRIMA.jpg,Im007_ACRIMA.jpg,0,Normal
data\raw\ACRIMA\train\Non Glaucoma\Im008_ACRIMA.jpg,Im008_ACRIMA.jpg,0,Normal
data\raw\ACRIMA\train\Non Glaucoma\Im009_ACRIMA.jpg,Im009_ACRIMA.jpg,0,Normal
data\raw\ACRIMA\train\Non Glaucoma\Im010_ACRIMA.jpg,Im010_ACRIMA.jpg,0,Normal
data\raw\ACRIMA\train\Non Glaucoma\Im011_ACRIMA.jpg,Im011_ACRIMA.jpg,0,Normal
data\raw\ACRIMA\train\Non Glaucoma\Im012_ACRIMA.jpg,Im012_ACRIMA.jpg,0,Normal
data\raw\ACRIMA\train\Non Glaucoma\Im025_ACRIMA.jpg,Im025_ACRIMA.jpg,0,Normal
data\raw\ACRIMA\train\Non Glaucoma\Im026_ACRIMA.jpg,Im026_ACRIMA.jpg,0,Normal
data\raw\ACRIMA\train\Non Glaucoma\Im027_ACRIMA.jpg,Im027_ACRIMA.jpg,0,Normal
data\raw\ACRIMA\train\Non Glaucoma\Im028_ACRIMA.jpg,Im028_ACRIMA.jpg,0,Normal
data\raw\ACRIMA\train\Non Glaucoma\Im029_ACRIMA.jpg,Im029_ACRIMA.jpg,0,Normal
data\raw\ACRIMA\train\Non Glaucoma\Im030_ACRIMA.jpg,Im030_ACRIMA.jpg,0,Normal
data\raw\ACRIMA\train\Non Glaucoma\Im031_ACRIMA.jpg,Im031_ACRIMA.jpg,0,Normal
data\raw\ACRIMA\train\Non Glaucoma\Im032_ACRIMA.jpg,Im032_ACRIMA.jpg,0,Normal
data\raw\ACRIMA\train\Non Glaucoma\Im033_ACRIMA.jpg,Im033_ACRIMA.jpg,0,Normal
data\raw\ACRIMA\train\Non Glaucoma\Im034_ACRIMA.jpg,Im034_ACRIMA.jpg,0,Normal
data\raw\ACRIMA\train\Non Glaucoma\Im035_ACRIMA.jpg,Im035_ACRIMA.jpg,0,Normal
data\raw\ACRIMA\train\Non Glaucoma\Im036_ACRIMA.jpg,Im036_ACRIMA.jpg,0,Normal
data\raw\ACRIMA\train\Non Glaucoma\Im037_ACRIMA.jpg,Im037_ACRIMA.jpg,0,Normal
data\raw\ACRIMA\train\Non Glaucoma\Im038_ACRIMA.jpg,Im038_ACRIMA.jpg,0,Normal
data\raw\ACRIMA\train\Non Glaucoma\Im039_ACRIMA.jpg,Im039_ACRIMA.jpg,0,Normal
data\raw\ACRIMA\train\Non Glaucoma\Im040_ACRIMA.jpg,Im040_ACRIMA.jpg,0,Normal
data\raw\ACRIMA\train\Non Glaucoma\Im041_ACRIMA.jpg,Im041_ACRIMA.jpg,0,Normal
data\raw\ACRIMA\train\Non Glaucoma\Im042_ACRIMA.jpg,Im042_ACRIMA.jpg,0,Normal
data\raw\ACRIMA\train\Non Glaucoma\Im043_ACRIMA.jpg,Im043_ACRIMA.jpg,0,Normal
data\raw\ACRIMA\train\Non Glaucoma\Im044_ACRIMA.jpg,Im044_ACRIMA.jpg,0,Normal
data\raw\ACRIMA\train\Non Glaucoma\Im045_ACRIMA.jpg,Im045_ACRIMA.jpg,0,Normal
data\raw\ACRIMA\train\Non Glaucoma\Im046_ACRIMA.jpg,Im046_ACRIMA.jpg,0,Normal
data\raw\ACRIMA\train\Non Glaucoma\Im047_ACRIMA.jpg,Im047_ACRIMA.jpg,0,Normal
data\raw\ACRIMA\train\Non Glaucoma\Im048_ACRIMA.jpg,Im048_ACRIMA.jpg,0,Normal
data\raw\ACRIMA\train\Non Glaucoma\Im049_ACRIMA.jpg,Im049_ACRIMA.jpg,0,Normal
data\raw\ACRIMA\train\Non Glaucoma\Im050_ACRIMA.jpg,Im050_ACRIMA.jpg,0,Normal
data\raw\ACRIMA\train\Non Glaucoma\Im051_ACRIMA.jpg,Im051_ACRIMA.jpg,0,Normal
data\raw\ACRIMA\train\Non Glaucoma\Im052_ACRIMA.jpg,Im052_ACRIMA.jpg,0,Normal
data\raw\ACRIMA\train\Non Glaucoma\Im053_ACRIMA.jpg,Im053_ACRIMA.jpg,0,Normal
data\raw\ACRIMA\train\Non Glaucoma\Im054_ACRIMA.jpg,Im054_ACRIMA.jpg,0,Normal
data\raw\ACRIMA\train\Non Glaucoma\Im055_ACRIMA.jpg,Im055_ACRIMA.jpg,0,Normal
data\raw\ACRIMA\train\Non Glaucoma\Im056_ACRIMA.jpg,Im056_ACRIMA.jpg,0,Normal
data\raw\ACRIMA\train\Non Glaucoma\Im057_ACRIMA.jpg,Im057_ACRIMA.jpg,0,Normal
data\raw\ACRIMA\train\Non Glaucoma\Im058_ACRIMA.jpg,Im058_ACRIMA.jpg,0,Normal
data\raw\ACRIMA\train\Non Glaucoma\Im059_ACRIMA.jpg,Im059_ACRIMA.jpg,0,Normal
data\raw\ACRIMA\train\Non Glaucoma\Im060_ACRIMA.jpg,Im060_ACRIMA.jpg,0,Normal
data\raw\ACRIMA\train\Non Glaucoma\Im061_ACRIMA.jpg,Im061_ACRIMA.jpg,0,Normal
data\raw\ACRIMA\train\Non Glaucoma\Im062_ACRIMA.jpg,Im062_ACRIMA.jpg,0,Normal
data\raw\ACRIMA\train\Non Glaucoma\Im063_ACRIMA.jpg,Im063_ACRIMA.jpg,0,Normal
data\raw\ACRIMA\train\Non Glaucoma\Im064_ACRIMA.jpg,Im064_ACRIMA.jpg,0,Normal
data\raw\ACRIMA\train\Non Glaucoma\Im065_ACRIMA.jpg,Im065_ACRIMA.jpg,0,Normal
data\raw\ACRIMA\train\Non Glaucoma\Im066_ACRIMA.jpg,Im066_ACRIMA.jpg,0,Normal
data\raw\ACRIMA\train\Non Glaucoma\Im067_ACRIMA.jpg,Im067_ACRIMA.jpg,0,Normal
data\raw\ACRIMA\train\Non Glaucoma\Im068_ACRIMA.jpg,Im068_ACRIMA.jpg,0,Normal
data\raw\ACRIMA\train\Non Glaucoma\Im069_ACRIMA.jpg,Im069_ACRIMA.jpg,0,Normal
data\raw\ACRIMA\train\Non Glaucoma\Im070_ACRIMA.jpg,Im070_ACRIMA.jpg,0,Normal
data\raw\ACRIMA\train\Non Glaucoma\Im071_ACRIMA.jpg,Im071_ACRIMA.jpg,0,Normal
data\raw\ACRIMA\train\Non Glaucoma\Im072_ACRIMA.jpg,Im072_ACRIMA.jpg,0,Normal
data\raw\ACRIMA\train\Non Glaucoma\Im073_ACRIMA.jpg,Im073_ACRIMA.jpg,0,Normal
data\raw\ACRIMA\train\Non Glaucoma\Im074_ACRIMA.jpg,Im074_ACRIMA.jpg,0,Normal
data\raw\ACRIMA\train\Non Glaucoma\Im075_ACRIMA.jpg,Im075_ACRIMA.jpg,0,Normal
data\raw\ACRIMA\train\Non Glaucoma\Im076_ACRIMA.jpg,Im076_ACRIMA.jpg,0,Normal
data\raw\ACRIMA\train\Non Glaucoma\Im077_ACRIMA.jpg,Im077_ACRIMA.jpg,0,Normal
data\raw\ACRIMA\train\Non Glaucoma\Im078_ACRIMA.jpg,Im078_ACRIMA.jpg,0,Normal
data\raw\ACRIMA\train\Non Glaucoma\Im079_ACRIMA.jpg,Im079_ACRIMA.jpg,0,Normal
data\raw\ACRIMA\train\Non Glaucoma\Im080_ACRIMA.jpg,Im080_ACRIMA.jpg,0,Normal
data\raw\ACRIMA\train\Non Glaucoma\Im081_ACRIMA.jpg,Im081_ACRIMA.jpg,0,Normal
data\raw\ACRIMA\train\Non Glaucoma\Im082_ACRIMA.jpg,Im082_ACRIMA.jpg,0,Normal
data\raw\ACRIMA\train\Non Glaucoma\Im083_ACRIMA.jpg,Im083_ACRIMA.jpg,0,Normal
data\raw\ACRIMA\train\Non Glaucoma\Im084_ACRIMA.jpg,Im084_ACRIMA.jpg,0,Normal
data\raw\ACRIMA\train\Non Glaucoma\Im096_ACRIMA.jpg,Im096_ACRIMA.jpg,0,Normal
data\raw\ACRIMA\train\Non Glaucoma\Im097_ACRIMA.jpg,Im097_ACRIMA.jpg,0,Normal
data\raw\ACRIMA\train\Non Glaucoma\Im098_ACRIMA.jpg,Im098_ACRIMA.jpg,0,Normal
data\raw\ACRIMA\train\Non Glaucoma\Im099_ACRIMA.jpg,Im099_ACRIMA.jpg,0,Normal
data\raw\ACRIMA\train\Non Glaucoma\Im100_ACRIMA.jpg,Im100_ACRIMA.jpg,0,Normal
data\raw\ACRIMA\train\Non Glaucoma\Im101_ACRIMA.jpg,Im101_ACRIMA.jpg,0,Normal
data\raw\ACRIMA\train\Non Glaucoma\Im102_ACRIMA.jpg,Im102_ACRIMA.jpg,0,Normal
data\raw\ACRIMA\train\Non Glaucoma\Im103_ACRIMA.jpg,Im103_ACRIMA.jpg,0,Normal
data\raw\ACRIMA\train\Non Glaucoma\Im104_ACRIMA.jpg,Im104_ACRIMA.jpg,0,Normal
data\raw\ACRIMA\train\Non Glaucoma\Im105_ACRIMA.jpg,Im105_ACRIMA.jpg,0,Normal
data\raw\ACRIMA\train\Non Glaucoma\Im106_ACRIMA.jpg,Im106_ACRIMA.jpg,0,Normal
data\raw\ACRIMA\train\Non Glaucoma\Im107_ACRIMA.jpg,Im107_ACRIMA.jpg,0,Normal
data\raw\ACRIMA\train\Non Glaucoma\Im108_ACRIMA.jpg,Im108_ACRIMA.jpg,0,Normal
data\raw\ACRIMA\train\Non Glaucoma\Im109_ACRIMA.jpg,Im109_ACRIMA.jpg,0,Normal
data\raw\ACRIMA\train\Non Glaucoma\Im110_ACRIMA.jpg,Im110_ACRIMA.jpg,0,Normal
data\raw\ACRIMA\train\Non Glaucoma\Im111_ACRIMA.jpg,Im111_ACRIMA.jpg,0,Normal
data\raw\ACRIMA\train\Non Glaucoma\Im112_ACRIMA.jpg,Im112_ACRIMA.jpg,0,Normal
data\raw\ACRIMA\train\Non Glaucoma\Im113_ACRIMA.jpg,Im113_ACRIMA.jpg,0,Normal
data\raw\ACRIMA\train\Non Glaucoma\Im114_ACRIMA.jpg,Im114_ACRIMA.jpg,0,Normal
data\raw\ACRIMA\train\Non Glaucoma\Im115_ACRIMA.jpg,Im115_ACRIMA.jpg,0,Normal
data\raw\ACRIMA\train\Non Glaucoma\Im116_ACRIMA.jpg,Im116_ACRIMA.jpg,0,Normal
data\raw\ACRIMA\train\Non Glaucoma\Im117_ACRIMA.jpg,Im117_ACRIMA.jpg,0,Normal
data\raw\ACRIMA\train\Non Glaucoma\Im118_ACRIMA.jpg,Im118_ACRIMA.jpg,0,Normal
data\raw\ACRIMA\train\Non Glaucoma\Im119_ACRIMA.jpg,Im119_ACRIMA.jpg,0,Normal
data\raw\ACRIMA\train\Non Glaucoma\Im120_ACRIMA.jpg,Im120_ACRIMA.jpg,0,Normal
data\raw\ACRIMA\train\Non Glaucoma\Im121_ACRIMA.jpg,Im121_ACRIMA.jpg,0,Normal
data\raw\ACRIMA\train\Non Glaucoma\Im122_ACRIMA.jpg,Im122_ACRIMA.jpg,0,Normal
data\raw\ACRIMA\train\Non Glaucoma\Im123_ACRIMA.jpg,Im123_ACRIMA.jpg,0,Normal
data\raw\ACRIMA\train\Non Glaucoma\Im124_ACRIMA.jpg,Im124_ACRIMA.jpg,0,Normal
data\raw\ACRIMA\train\Non Glaucoma\Im125_ACRIMA.jpg,Im125_ACRIMA.jpg,0,Normal
data\raw\ACRIMA\train\Non Glaucoma\Im126_ACRIMA.jpg,Im126_ACRIMA.jpg,0,Normal
data\raw\ACRIMA\train\Non Glaucoma\Im127_ACRIMA.jpg,Im127_ACRIMA.jpg,0,Normal
data\raw\ACRIMA\train\Non Glaucoma\Im128_ACRIMA.jpg,Im128_ACRIMA.jpg,0,Normal
data\raw\ACRIMA\train\Non Glaucoma\Im129_ACRIMA.jpg,Im129_ACRIMA.jpg,0,Normal
data\raw\ACRIMA\train\Non Glaucoma\Im130_ACRIMA.jpg,Im130_ACRIMA.jpg,0,Normal
data\raw\ACRIMA\train\Non Glaucoma\Im131_ACRIMA.jpg,Im131_ACRIMA.jpg,0,Normal
data\raw\ACRIMA\train\Non Glaucoma\Im132_ACRIMA.jpg,Im132_ACRIMA.jpg,0,Normal
data\raw\ACRIMA\train\Non Glaucoma\Im133_ACRIMA.jpg,Im133_ACRIMA.jpg,0,Normal
data\raw\ACRIMA\train\Non Glaucoma\Im134_ACRIMA.jpg,Im134_ACRIMA.jpg,0,Normal
data\raw\ACRIMA\train\Non Glaucoma\Im135_ACRIMA.jpg,Im135_ACRIMA.jpg,0,Normal
data\raw\ACRIMA\train\Non Glaucoma\Im136_ACRIMA.jpg,Im136_ACRIMA.jpg,0,Normal
data\raw\ACRIMA\train\Non Glaucoma\Im137_ACRIMA.jpg,Im137_ACRIMA.jpg,0,Normal
data\raw\ACRIMA\train\Non Glaucoma\Im138_ACRIMA.jpg,Im138_ACRIMA.jpg,0,Normal
data\raw\ACRIMA\train\Non Glaucoma\Im139_ACRIMA.jpg,Im139_ACRIMA.jpg,0,Normal
data\raw\ACRIMA\train\Non Glaucoma\Im140_ACRIMA.jpg,Im140_ACRIMA.jpg,0,Normal
data\raw\ACRIMA\train\Non Glaucoma\Im141_ACRIMA.jpg,Im141_ACRIMA.jpg,0,Normal
data\raw\ACRIMA\train\Non Glaucoma\Im142_ACRIMA.jpg,Im142_ACRIMA.jpg,0,Normal
data\raw\ACRIMA\train\Non Glaucoma\Im143_ACRIMA.jpg,Im143_ACRIMA.jpg,0,Normal
data\raw\ACRIMA\train\Non Glaucoma\Im144_ACRIMA.jpg,Im144_ACRIMA.jpg,0,Normal
data\raw\ACRIMA\train\Non Glaucoma\Im145_ACRIMA.jpg,Im145_ACRIMA.jpg,0,Normal
data\raw\ACRIMA\train\Non Glaucoma\Im146_ACRIMA.jpg,Im146_ACRIMA.jpg,0,Normal
data\raw\ACRIMA\train\Non Glaucoma\Im147_ACRIMA.jpg,Im147_ACRIMA.jpg,0,Normal
data\raw\ACRIMA\train\Non Glaucoma\Im148_ACRIMA.jpg,Im148_ACRIMA.jpg,0,Normal
data\raw\ACRIMA\train\Non Glaucoma\Im149_ACRIMA.jpg,Im149_ACRIMA.jpg,0,Normal
data\raw\ACRIMA\train\Non Glaucoma\Im150_ACRIMA.jpg,Im150_ACRIMA.jpg,0,Normal
data\raw\ACRIMA\train\Non Glaucoma\Im151_ACRIMA.jpg,Im151_ACRIMA.jpg,0,Normal
data\raw\ACRIMA\train\Non Glaucoma\Im152_ACRIMA.jpg,Im152_ACRIMA.jpg,0,Normal
data\raw\ACRIMA\train\Non Glaucoma\Im153_ACRIMA.jpg,Im153_ACRIMA.jpg,0,Normal
data\raw\ACRIMA\train\Non Glaucoma\Im154_ACRIMA.jpg,Im154_ACRIMA.jpg,0,Normal
data\raw\ACRIMA\train\Non Glaucoma\Im155_ACRIMA.jpg,Im155_ACRIMA.jpg,0,Normal
data\raw\ACRIMA\train\Non Glaucoma\Im156_ACRIMA.jpg,Im156_ACRIMA.jpg,0,Normal
data\raw\ACRIMA\train\Non Glaucoma\Im166_ACRIMA.jpg,Im166_ACRIMA.jpg,0,Normal
data\raw\ACRIMA\train\Non Glaucoma\Im167_ACRIMA.jpg,Im167_ACRIMA.jpg,0,Normal
data\raw\ACRIMA\train\Non Glaucoma\Im168_ACRIMA.jpg,Im168_ACRIMA.jpg,0,Normal
data\raw\ACRIMA\train\Non Glaucoma\Im169_ACRIMA.jpg,Im169_ACRIMA.jpg,0,Normal
data\raw\ACRIMA\train\Non Glaucoma\Im170_ACRIMA.jpg,Im170_ACRIMA.jpg,0,Normal
data\raw\ACRIMA\train\Non Glaucoma\Im171_ACRIMA.jpg,Im171_ACRIMA.jpg,0,Normal
data\raw\ACRIMA\train\Non Glaucoma\Im172_ACRIMA.jpg,Im172_ACRIMA.jpg,0,Normal
data\raw\ACRIMA\train\Non Glaucoma\Im173_ACRIMA.jpg,Im173_ACRIMA.jpg,0,Normal
data\raw\ACRIMA\train\Non Glaucoma\Im174_ACRIMA.jpg,Im174_ACRIMA.jpg,0,Normal
data\raw\ACRIMA\train\Non Glaucoma\Im175_ACRIMA.jpg,Im175_ACRIMA.jpg,0,Normal
data\raw\ACRIMA\train\Non Glaucoma\Im176_ACRIMA.jpg,Im176_ACRIMA.jpg,0,Normal
data\raw\ACRIMA\train\Non Glaucoma\Im177_ACRIMA.jpg,Im177_ACRIMA.jpg,0,Normal
data\raw\ACRIMA\train\Non Glaucoma\Im178_ACRIMA.jpg,Im178_ACRIMA.jpg,0,Normal
data\raw\ACRIMA\train\Non Glaucoma\Im179_ACRIMA.jpg,Im179_ACRIMA.jpg,0,Normal
data\raw\ACRIMA\train\Non Glaucoma\Im180_ACRIMA.jpg,Im180_ACRIMA.jpg,0,Normal
data\raw\ACRIMA\train\Non Glaucoma\Im181_ACRIMA.jpg,Im181_ACRIMA.jpg,0,Normal
data\raw\ACRIMA\train\Non Glaucoma\Im182_ACRIMA.jpg,Im182_ACRIMA.jpg,0,Normal
data\raw\ACRIMA\train\Non Glaucoma\Im183_ACRIMA.jpg,Im183_ACRIMA.jpg,0,Normal
data\raw\ACRIMA\train\Non Glaucoma\Im184_ACRIMA.jpg,Im184_ACRIMA.jpg,0,Normal
data\raw\ACRIMA\train\Non Glaucoma\Im185_ACRIMA.jpg,Im185_ACRIMA.jpg,0,Normal
data\raw\ACRIMA\train\Non Glaucoma\Im186_ACRIMA.jpg,Im186_ACRIMA.jpg,0,Normal
data\raw\ACRIMA\train\Non Glaucoma\Im187_ACRIMA.jpg,Im187_ACRIMA.jpg,0,Normal
data\raw\ACRIMA\train\Non Glaucoma\Im188_ACRIMA.jpg,Im188_ACRIMA.jpg,0,Normal
data\raw\ACRIMA\train\Non Glaucoma\Im189_ACRIMA.jpg,Im189_ACRIMA.jpg,0,Normal
data\raw\ACRIMA\train\Non Glaucoma\Im190_ACRIMA.jpg,Im190_ACRIMA.jpg,0,Normal
data\raw\ACRIMA\train\Non Glaucoma\Im191_ACRIMA.jpg,Im191_ACRIMA.jpg,0,Normal
data\raw\ACRIMA\train\Non Glaucoma\Im192_ACRIMA.jpg,Im192_ACRIMA.jpg,0,Normal
data\raw\ACRIMA\train\Non Glaucoma\Im202_ACRIMA.jpg,Im202_ACRIMA.jpg,0,Normal
data\raw\ACRIMA\train\Non Glaucoma\Im203_ACRIMA.jpg,Im203_ACRIMA.jpg,0,Normal
data\raw\ACRIMA\train\Non Glaucoma\Im204_ACRIMA.jpg,Im204_ACRIMA.jpg,0,Normal
data\raw\ACRIMA\train\Non Glaucoma\Im205_ACRIMA.jpg,Im205_ACRIMA.jpg,0,Normal
data\raw\ACRIMA\train\Non Glaucoma\Im206_ACRIMA.jpg,Im206_ACRIMA.jpg,0,Normal
data\raw\ACRIMA\train\Non Glaucoma\Im207_ACRIMA.jpg,Im207_ACRIMA.jpg,0,Normal
data\raw\ACRIMA\train\Non Glaucoma\Im208_ACRIMA.jpg,Im208_ACRIMA.jpg,0,Normal
data\raw\ACRIMA\train\Non Glaucoma\Im209_ACRIMA.jpg,Im209_ACRIMA.jpg,0,Normal
data\raw\ACRIMA\train\Non Glaucoma\Im210_ACRIMA.jpg,Im210_ACRIMA.jpg,0,Normal
data\raw\ACRIMA\train\Non Glaucoma\Im211_ACRIMA.jpg,Im211_ACRIMA.jpg,0,Normal
data\raw\ACRIMA\train\Non Glaucoma\Im212_ACRIMA.jpg,Im212_ACRIMA.jpg,0,Normal
data\raw\ACRIMA\train\Non Glaucoma\Im213_ACRIMA.jpg,Im213_ACRIMA.jpg,0,Normal
data\raw\ACRIMA\train\Non Glaucoma\Im214_ACRIMA.jpg,Im214_ACRIMA.jpg,0,Normal
data\raw\ACRIMA\train\Non Glaucoma\Im215_ACRIMA.jpg,Im215_ACRIMA.jpg,0,Normal
data\raw\ACRIMA\train\Non Glaucoma\Im216_ACRIMA.jpg,Im216_ACRIMA.jpg,0,Normal
data\raw\ACRIMA\train\Non Glaucoma\Im217_ACRIMA.jpg,Im217_ACRIMA.jpg,0,Normal
data\raw\ACRIMA\train\Non Glaucoma\Im218_ACRIMA.jpg,Im218_ACRIMA.jpg,0,Normal
data\raw\ACRIMA\train\Non Glaucoma\Im219_ACRIMA.jpg,Im219_ACRIMA.jpg,0,Normal
data\raw\ACRIMA\train\Non Glaucoma\Im220_ACRIMA.jpg,Im220_ACRIMA.jpg,0,Normal
data\raw\ACRIMA\train\Non Glaucoma\Im221_ACRIMA.jpg,Im221_ACRIMA.jpg,0,Normal
data\raw\ACRIMA\train\Non Glaucoma\Im223_ACRIMA.jpg,Im223_ACRIMA.jpg,0,Normal
data\raw\ACRIMA\train\Non Glaucoma\Im224_ACRIMA.jpg,Im224_ACRIMA.jpg,0,Normal
data\raw\ACRIMA\train\Non Glaucoma\Im225_ACRIMA.jpg,Im225_ACRIMA.jpg,0,Normal
data\raw\ACRIMA\train\Non Glaucoma\Im226_ACRIMA.jpg,Im226_ACRIMA.jpg,0,Normal
data\raw\ACRIMA\train\Non Glaucoma\Im227_ACRIMA.jpg,Im227_ACRIMA.jpg,0,Normal
data\raw\ACRIMA\train\Non Glaucoma\Im228_ACRIMA.jpg,Im228_ACRIMA.jpg,0,Normal
data\raw\ACRIMA\train\Non Glaucoma\Im229_ACRIMA.jpg,Im229_ACRIMA.jpg,0,Normal
data\raw\ACRIMA\train\Non Glaucoma\Im230_ACRIMA.jpg,Im230_ACRIMA.jpg,0,Normal
data\raw\ACRIMA\train\Non Glaucoma\Im231_ACRIMA.jpg,Im231_ACRIMA.jpg,0,Normal
data\raw\ACRIMA\train\Non Glaucoma\Im232_ACRIMA.jpg,Im232_ACRIMA.jpg,0,Normal
data\raw\ACRIMA\train\Non Glaucoma\Im233_ACRIMA.jpg,Im233_ACRIMA.jpg,0,Normal
data\raw\ACRIMA\train\Non Glaucoma\Im234_ACRIMA.jpg,Im234_ACRIMA.jpg,0,Normal
data\raw\ACRIMA\train\Non Glaucoma\Im235_ACRIMA.jpg,Im235_ACRIMA.jpg,0,Normal
data\raw\ACRIMA\train\Non Glaucoma\Im236_ACRIMA.jpg,Im236_ACRIMA.jpg,0,Normal
data\raw\ACRIMA\train\Non Glaucoma\Im237_ACRIMA.jpg,Im237_ACRIMA.jpg,0,Normal
data\raw\ACRIMA\train\Non Glaucoma\Im238_ACRIMA.jpg,Im238_ACRIMA.jpg,0,Normal
data\raw\ACRIMA\train\Non Glaucoma\Im240_ACRIMA.jpg,Im240_ACRIMA.jpg,0,Normal
data\raw\ACRIMA\train\Non Glaucoma\Im252_ACRIMA.jpg,Im252_ACRIMA.jpg,0,Normal
data\raw\ACRIMA\train\Non Glaucoma\Im253_ACRIMA.jpg,Im253_ACRIMA.jpg,0,Normal
data\raw\ACRIMA\train\Non Glaucoma\Im254_ACRIMA.jpg,Im254_ACRIMA.jpg,0,Normal
data\raw\ACRIMA\train\Non Glaucoma\Im255_ACRIMA.jpg,Im255_ACRIMA.jpg,0,Normal
data\raw\ACRIMA\train\Non Glaucoma\Im256_ACRIMA.jpg,Im256_ACRIMA.jpg,0,Normal
data\raw\ACRIMA\train\Non Glaucoma\Im257_ACRIMA.jpg,Im257_ACRIMA.jpg,0,Normal
data\raw\ACRIMA\train\Non Glaucoma\Im258_ACRIMA.jpg,Im258_ACRIMA.jpg,0,Normal
data\raw\ACRIMA\train\Non Glaucoma\Im259_ACRIMA.jpg,Im259_ACRIMA.jpg,0,Normal
data\raw\ACRIMA\train\Non Glaucoma\Im260_ACRIMA.jpg,Im260_ACRIMA.jpg,0,Normal
data\raw\ACRIMA\train\Non Glaucoma\Im261_ACRIMA.jpg,Im261_ACRIMA.jpg,0,Normal
data\raw\ACRIMA\train\Non Glaucoma\Im262_ACRIMA.jpg,Im262_ACRIMA.jpg,0,Normal
data\raw\ACRIMA\train\Non Glaucoma\Im263_ACRIMA.jpg,Im263_ACRIMA.jpg,0,Normal
data\raw\ACRIMA\train\Non Glaucoma\Im264_ACRIMA.jpg,Im264_ACRIMA.jpg,0,Normal
data\raw\ACRIMA\train\Non Glaucoma\Im265_ACRIMA.jpg,Im265_ACRIMA.jpg,0,Normal
data\raw\ACRIMA\train\Non Glaucoma\Im266_ACRIMA.jpg,Im266_ACRIMA.jpg,0,Normal
data\raw\ACRIMA\train\Non Glaucoma\Im267_ACRIMA.jpg,Im267_ACRIMA.jpg,0,Normal
data\raw\ACRIMA\train\Non Glaucoma\Im268_ACRIMA.jpg,Im268_ACRIMA.jpg,0,Normal
data\raw\ACRIMA\train\Non Glaucoma\Im269_ACRIMA.jpg,Im269_ACRIMA.jpg,0,Normal
data\raw\ACRIMA\train\Non Glaucoma\Im270_ACRIMA.jpg,Im270_ACRIMA.jpg,0,Normal
data\raw\ACRIMA\train\Non Glaucoma\Im271_ACRIMA.jpg,Im271_ACRIMA.jpg,0,Normal
data\raw\ACRIMA\train\Non Glaucoma\Im272_ACRIMA.jpg,Im272_ACRIMA.jpg,0,Normal
data\raw\ACRIMA\train\Non Glaucoma\Im273_ACRIMA.jpg,Im273_ACRIMA.jpg,0,Normal
data\raw\ACRIMA\train\Non Glaucoma\Im274_ACRIMA.jpg,Im274_ACRIMA.jpg,0,Normal
data\raw\ACRIMA\train\Non Glaucoma\Im275_ACRIMA.jpg,Im275_ACRIMA.jpg,0,Normal
data\raw\ACRIMA\train\Non Glaucoma\Im276_ACRIMA.jpg,Im276_ACRIMA.jpg,0,Normal
data\raw\ACRIMA\train\Non Glaucoma\Im288_ACRIMA.jpg,Im288_ACRIMA.jpg,0,Normal
data\raw\ACRIMA\train\Non Glaucoma\Im290_ACRIMA.jpg,Im290_ACRIMA.jpg,0,Normal
data\raw\ACRIMA\train\Non Glaucoma\Im291_ACRIMA.jpg,Im291_ACRIMA.jpg,0,Normal
data\raw\ACRIMA\train\Non Glaucoma\Im293_ACRIMA.jpg,Im293_ACRIMA.jpg,0,Normal
data\raw\ACRIMA\train\Non Glaucoma\Im294_ACRIMA.jpg,Im294_ACRIMA.jpg,0,Normal
data\raw\ACRIMA\train\Non Glaucoma\Im295_ACRIMA.jpg,Im295_ACRIMA.jpg,0,Normal
data\raw\ACRIMA\train\Non Glaucoma\Im296_ACRIMA.jpg,Im296_ACRIMA.jpg,0,Normal
data\raw\ACRIMA\train\Non Glaucoma\Im297_ACRIMA.jpg,Im297_ACRIMA.jpg,0,Normal
data\raw\ACRIMA\train\Non Glaucoma\Im298_ACRIMA.jpg,Im298_ACRIMA.jpg,0,Normal
data\raw\ACRIMA\train\Non Glaucoma\Im299_ACRIMA.jpg,Im299_ACRIMA.jpg,0,Normal
data\raw\ACRIMA\train\Non Glaucoma\Im300_ACRIMA.jpg,Im300_ACRIMA.jpg,0,Normal
data\raw\ACRIMA\train\Non Glaucoma\Im301_ACRIMA.jpg,Im301_ACRIMA.jpg,0,Normal
data\raw\ACRIMA\train\Non Glaucoma\Im302_ACRIMA.jpg,Im302_ACRIMA.jpg,0,Normal
data\raw\ACRIMA\train\Non Glaucoma\Im304_ACRIMA.jpg,Im304_ACRIMA.jpg,0,Normal
data\raw\ACRIMA\train\Non Glaucoma\Im305_ACRIMA.jpg,Im305_ACRIMA.jpg,0,Normal
data\raw\ACRIMA\train\Non Glaucoma\Im307_ACRIMA.jpg,Im307_ACRIMA.jpg,0,Normal
data\raw\ACRIMA\train\Non Glaucoma\Im309_ACRIMA.jpg,Im309_ACRIMA.jpg,0,Normal
data\raw\ACRIMA\test\Glaucoma\Im322_g_ACRIMA.jpg,Im322_g_ACRIMA.jpg,1,Glaucoma
data\raw\ACRIMA\test\Glaucoma\Im323_g_ACRIMA.jpg,Im323_g_ACRIMA.jpg,1,Glaucoma
data\raw\ACRIMA\test\Glaucoma\Im324_g_ACRIMA.jpg,Im324_g_ACRIMA.jpg,1,Glaucoma
data\raw\ACRIMA\test\Glaucoma\Im325_g_ACRIMA.jpg,Im325_g_ACRIMA.jpg,1,Glaucoma
data\raw\ACRIMA\test\Glaucoma\Im326_g_ACRIMA.jpg,Im326_g_ACRIMA.jpg,1,Glaucoma
data\raw\ACRIMA\test\Glaucoma\Im338_g_ACRIMA.jpg,Im338_g_ACRIMA.jpg,1,Glaucoma
data\raw\ACRIMA\test\Glaucoma\Im345_g_ACRIMA.jpg,Im345_g_ACRIMA.jpg,1,Glaucoma
data\raw\ACRIMA\test\Glaucoma\Im354_g_ACRIMA.jpg,Im354_g_ACRIMA.jpg,1,Glaucoma
data\raw\ACRIMA\test\Glaucoma\Im356_g_ACRIMA.jpg,Im356_g_ACRIMA.jpg,1,Glaucoma
data\raw\ACRIMA\test\Glaucoma\Im360_g_ACRIMA.jpg,Im360_g_ACRIMA.jpg,1,Glaucoma
data\raw\ACRIMA\test\Glaucoma\Im375_g_ACRIMA.jpg,Im375_g_ACRIMA.jpg,1,Glaucoma
data\raw\ACRIMA\test\Glaucoma\Im430_g_ACRIMA.jpg,Im430_g_ACRIMA.jpg,1,Glaucoma
data\raw\ACRIMA\test\Glaucoma\Im431_g_ACRIMA.jpg,Im431_g_ACRIMA.jpg,1,Glaucoma
data\raw\ACRIMA\test\Glaucoma\Im432_g_ACRIMA.jpg,Im432_g_ACRIMA.jpg,1,Glaucoma
data\raw\ACRIMA\test\Glaucoma\Im433_g_ACRIMA.jpg,Im433_g_ACRIMA.jpg,1,Glaucoma
data\raw\ACRIMA\test\Glaucoma\Im434_g_ACRIMA.jpg,Im434_g_ACRIMA.jpg,1,Glaucoma
data\raw\ACRIMA\test\Glaucoma\Im435_g_ACRIMA.jpg,Im435_g_ACRIMA.jpg,1,Glaucoma
data\raw\ACRIMA\test\Glaucoma\Im443_g_ACRIMA.jpg,Im443_g_ACRIMA.jpg,1,Glaucoma
data\raw\ACRIMA\test\Glaucoma\Im452_g_ACRIMA.jpg,Im452_g_ACRIMA.jpg,1,Glaucoma
data\raw\ACRIMA\test\Glaucoma\Im458_g_ACRIMA.jpg,Im458_g_ACRIMA.jpg,1,Glaucoma
data\raw\ACRIMA\test\Glaucoma\Im459_g_ACRIMA.jpg,Im459_g_ACRIMA.jpg,1,Glaucoma
data\raw\ACRIMA\test\Glaucoma\Im464_g_ACRIMA.jpg,Im464_g_ACRIMA.jpg,1,Glaucoma
data\raw\ACRIMA\test\Glaucoma\Im478_g_ACRIMA.jpg,Im478_g_ACRIMA.jpg,1,Glaucoma
data\raw\ACRIMA\test\Glaucoma\Im479_g_ACRIMA.jpg,Im479_g_ACRIMA.jpg,1,Glaucoma
data\raw\ACRIMA\test\Glaucoma\Im480_g_ACRIMA.jpg,Im480_g_ACRIMA.jpg,1,Glaucoma
data\raw\ACRIMA\test\Glaucoma\Im481_g_ACRIMA.jpg,Im481_g_ACRIMA.jpg,1,Glaucoma
data\raw\ACRIMA\test\Glaucoma\Im482_g_ACRIMA.jpg,Im482_g_ACRIMA.jpg,1,Glaucoma
data\raw\ACRIMA\test\Glaucoma\Im483_g_ACRIMA.jpg,Im483_g_ACRIMA.jpg,1,Glaucoma
data\raw\ACRIMA\test\Glaucoma\Im484_g_ACRIMA.jpg,Im484_g_ACRIMA.jpg,1,Glaucoma
data\raw\ACRIMA\test\Glaucoma\Im485_g_ACRIMA.jpg,Im485_g_ACRIMA.jpg,1,Glaucoma
data\raw\ACRIMA\test\Glaucoma\Im486_g_ACRIMA.jpg,Im486_g_ACRIMA.jpg,1,Glaucoma
data\raw\ACRIMA\test\Glaucoma\Im487_g_ACRIMA.jpg,Im487_g_ACRIMA.jpg,1,Glaucoma
data\raw\ACRIMA\test\Glaucoma\Im553_g_ACRIMA.jpg,Im553_g_ACRIMA.jpg,1,Glaucoma
data\raw\ACRIMA\test\Glaucoma\Im554_g_ACRIMA.jpg,Im554_g_ACRIMA.jpg,1,Glaucoma
data\raw\ACRIMA\test\Glaucoma\Im566_g_ACRIMA.jpg,Im566_g_ACRIMA.jpg,1,Glaucoma
data\raw\ACRIMA\test\Glaucoma\Im575_g_ACRIMA.jpg,Im575_g_ACRIMA.jpg,1,Glaucoma
data\raw\ACRIMA\test\Glaucoma\Im585_g_ACRIMA.jpg,Im585_g_ACRIMA.jpg,1,Glaucoma
data\raw\ACRIMA\test\Glaucoma\Im592_g_ACRIMA.jpg,Im592_g_ACRIMA.jpg,1,Glaucoma
data\raw\ACRIMA\test\Glaucoma\Im594_g_ACRIMA.jpg,Im594_g_ACRIMA.jpg,1,Glaucoma
data\raw\ACRIMA\test\Glaucoma\Im598_g_ACRIMA.jpg,Im598_g_ACRIMA.jpg,1,Glaucoma
data\raw\ACRIMA\test\Glaucoma\Im602_g_ACRIMA.jpg,Im602_g_ACRIMA.jpg,1,Glaucoma
data\raw\ACRIMA\test\Glaucoma\Im615_g_ACRIMA.jpg,Im615_g_ACRIMA.jpg,1,Glaucoma
data\raw\ACRIMA\test\Glaucoma\Im618_g_ACRIMA.jpg,Im618_g_ACRIMA.jpg,1,Glaucoma
data\raw\ACRIMA\test\Glaucoma\Im630_g_ACRIMA.jpg,Im630_g_ACRIMA.jpg,1,Glaucoma
data\raw\ACRIMA\test\Glaucoma\Im640_g_ACRIMA.jpg,Im640_g_ACRIMA.jpg,1,Glaucoma
data\raw\ACRIMA\test\Glaucoma\Im642_g_ACRIMA.jpg,Im642_g_ACRIMA.jpg,1,Glaucoma
data\raw\ACRIMA\test\Glaucoma\Im647_g_ACRIMA.jpg,Im647_g_ACRIMA.jpg,1,Glaucoma
data\raw\ACRIMA\test\Glaucoma\Im652_g_ACRIMA.jpg,Im652_g_ACRIMA.jpg,1,Glaucoma
data\raw\ACRIMA\test\Glaucoma\Im670_g_ACRIMA.jpg,Im670_g_ACRIMA.jpg,1,Glaucoma
data\raw\ACRIMA\test\Glaucoma\Im671_g_ACRIMA.jpg,Im671_g_ACRIMA.jpg,1,Glaucoma
data\raw\ACRIMA\test\Glaucoma\Im672_g_ACRIMA.jpg,Im672_g_ACRIMA.jpg,1,Glaucoma
data\raw\ACRIMA\test\Glaucoma\Im673_g_ACRIMA.jpg,Im673_g_ACRIMA.jpg,1,Glaucoma
data\raw\ACRIMA\test\Glaucoma\Im674_g_ACRIMA.jpg,Im674_g_ACRIMA.jpg,1,Glaucoma
data\raw\ACRIMA\test\Glaucoma\Im675_g_ACRIMA.jpg,Im675_g_ACRIMA.jpg,1,Glaucoma
data\raw\ACRIMA\test\Glaucoma\Im676_g_ACRIMA.jpg,Im676_g_ACRIMA.jpg,1,Glaucoma
data\raw\ACRIMA\test\Glaucoma\Im677_g_ACRIMA.jpg,Im677_g_ACRIMA.jpg,1,Glaucoma
data\raw\ACRIMA\test\Glaucoma\Im678_g_ACRIMA.jpg,Im678_g_ACRIMA.jpg,1,Glaucoma
data\raw\ACRIMA\test\Glaucoma\Im679_g_ACRIMA.jpg,Im679_g_ACRIMA.jpg,1,Glaucoma
data\raw\ACRIMA\test\Glaucoma\Im680_g_ACRIMA.jpg,Im680_g_ACRIMA.jpg,1,Glaucoma
data\raw\ACRIMA\test\Glaucoma\Im682_g_ACRIMA.jpg,Im682_g_ACRIMA.jpg,1,Glaucoma
data\raw\ACRIMA\test\Glaucoma\Im683_g_ACRIMA.jpg,Im683_g_ACRIMA.jpg,1,Glaucoma
data\raw\ACRIMA\test\Glaucoma\Im684_g_ACRIMA.jpg,Im684_g_ACRIMA.jpg,1,Glaucoma
data\raw\ACRIMA\test\Glaucoma\Im685_g_ACRIMA.jpg,Im685_g_ACRIMA.jpg,1,Glaucoma
data\raw\ACRIMA\test\Glaucoma\Im686_g_ACRIMA.jpg,Im686_g_ACRIMA.jpg,1,Glaucoma
data\raw\ACRIMA\test\Glaucoma\Im687_g_ACRIMA.jpg,Im687_g_ACRIMA.jpg,1,Glaucoma
data\raw\ACRIMA\test\Glaucoma\Im688_g_ACRIMA.jpg,Im688_g_ACRIMA.jpg,1,Glaucoma
data\raw\ACRIMA\test\Glaucoma\Im689_g_ACRIMA.jpg,Im689_g_ACRIMA.jpg,1,Glaucoma
data\raw\ACRIMA\test\Glaucoma\Im690_g_ACRIMA.jpg,Im690_g_ACRIMA.jpg,1,Glaucoma
data\raw\ACRIMA\test\Glaucoma\Im691_g_ACRIMA.jpg,Im691_g_ACRIMA.jpg,1,Glaucoma
data\raw\ACRIMA\test\Glaucoma\Im692_g_ACRIMA.jpg,Im692_g_ACRIMA.jpg,1,Glaucoma
data\raw\ACRIMA\test\Non Glaucoma\Im013_ACRIMA.jpg,Im013_ACRIMA.jpg,0,Normal
data\raw\ACRIMA\test\Non Glaucoma\Im014_ACRIMA.jpg,Im014_ACRIMA.jpg,0,Normal
data\raw\ACRIMA\test\Non Glaucoma\Im015_ACRIMA.jpg,Im015_ACRIMA.jpg,0,Normal
data\raw\ACRIMA\test\Non Glaucoma\Im016_ACRIMA.jpg,Im016_ACRIMA.jpg,0,Normal
data\raw\ACRIMA\test\Non Glaucoma\Im017_ACRIMA.jpg,Im017_ACRIMA.jpg,0,Normal
data\raw\ACRIMA\test\Non Glaucoma\Im018_ACRIMA.jpg,Im018_ACRIMA.jpg,0,Normal
data\raw\ACRIMA\test\Non Glaucoma\Im019_ACRIMA.jpg,Im019_ACRIMA.jpg,0,Normal
data\raw\ACRIMA\test\Non Glaucoma\Im020_ACRIMA.jpg,Im020_ACRIMA.jpg,0,Normal
data\raw\ACRIMA\test\Non Glaucoma\Im021_ACRIMA.jpg,Im021_ACRIMA.jpg,0,Normal
data\raw\ACRIMA\test\Non Glaucoma\Im022_ACRIMA.jpg,Im022_ACRIMA.jpg,0,Normal
data\raw\ACRIMA\test\Non Glaucoma\Im023_ACRIMA.jpg,Im023_ACRIMA.jpg,0,Normal
data\raw\ACRIMA\test\Non Glaucoma\Im024_ACRIMA.jpg,Im024_ACRIMA.jpg,0,Normal
data\raw\ACRIMA\test\Non Glaucoma\Im085_ACRIMA.jpg,Im085_ACRIMA.jpg,0,Normal
data\raw\ACRIMA\test\Non Glaucoma\Im086_ACRIMA.jpg,Im086_ACRIMA.jpg,0,Normal
data\raw\ACRIMA\test\Non Glaucoma\Im087_ACRIMA.jpg,Im087_ACRIMA.jpg,0,Normal
data\raw\ACRIMA\test\Non Glaucoma\Im088_ACRIMA.jpg,Im088_ACRIMA.jpg,0,Normal
data\raw\ACRIMA\test\Non Glaucoma\Im089_ACRIMA.jpg,Im089_ACRIMA.jpg,0,Normal
data\raw\ACRIMA\test\Non Glaucoma\Im090_ACRIMA.jpg,Im090_ACRIMA.jpg,0,Normal
data\raw\ACRIMA\test\Non Glaucoma\Im091_ACRIMA.jpg,Im091_ACRIMA.jpg,0,Normal
data\raw\ACRIMA\test\Non Glaucoma\Im092_ACRIMA.jpg,Im092_ACRIMA.jpg,0,Normal
data\raw\ACRIMA\test\Non Glaucoma\Im093_ACRIMA.jpg,Im093_ACRIMA.jpg,0,Normal
data\raw\ACRIMA\test\Non Glaucoma\Im094_ACRIMA.jpg,Im094_ACRIMA.jpg,0,Normal
data\raw\ACRIMA\test\Non Glaucoma\Im095_ACRIMA.jpg,Im095_ACRIMA.jpg,0,Normal
data\raw\ACRIMA\test\Non Glaucoma\Im157_ACRIMA.jpg,Im157_ACRIMA.jpg,0,Normal
data\raw\ACRIMA\test\Non Glaucoma\Im158_ACRIMA.jpg,Im158_ACRIMA.jpg,0,Normal
data\raw\ACRIMA\test\Non Glaucoma\Im159_ACRIMA.jpg,Im159_ACRIMA.jpg,0,Normal
data\raw\ACRIMA\test\Non Glaucoma\Im160_ACRIMA.jpg,Im160_ACRIMA.jpg,0,Normal
data\raw\ACRIMA\test\Non Glaucoma\Im161_ACRIMA.jpg,Im161_ACRIMA.jpg,0,Normal
data\raw\ACRIMA\test\Non Glaucoma\Im162_ACRIMA.jpg,Im162_ACRIMA.jpg,0,Normal
data\raw\ACRIMA\test\Non Glaucoma\Im163_ACRIMA.jpg,Im163_ACRIMA.jpg,0,Normal
data\raw\ACRIMA\test\Non Glaucoma\Im164_ACRIMA.jpg,Im164_ACRIMA.jpg,0,Normal
data\raw\ACRIMA\test\Non Glaucoma\Im165_ACRIMA.jpg,Im165_ACRIMA.jpg,0,Normal
data\raw\ACRIMA\test\Non Glaucoma\Im193_ACRIMA.jpg,Im193_ACRIMA.jpg,0,Normal
data\raw\ACRIMA\test\Non Glaucoma\Im194_ACRIMA.jpg,Im194_ACRIMA.jpg,0,Normal
data\raw\ACRIMA\test\Non Glaucoma\Im195_ACRIMA.jpg,Im195_ACRIMA.jpg,0,Normal
data\raw\ACRIMA\test\Non Glaucoma\Im196_ACRIMA.jpg,Im196_ACRIMA.jpg,0,Normal
data\raw\ACRIMA\test\Non Glaucoma\Im197_ACRIMA.jpg,Im197_ACRIMA.jpg,0,Normal
data\raw\ACRIMA\test\Non Glaucoma\Im198_ACRIMA.jpg,Im198_ACRIMA.jpg,0,Normal
data\raw\ACRIMA\test\Non Glaucoma\Im199_ACRIMA.jpg,Im199_ACRIMA.jpg,0,Normal
data\raw\ACRIMA\test\Non Glaucoma\Im200_ACRIMA.jpg,Im200_ACRIMA.jpg,0,Normal
data\raw\ACRIMA\test\Non Glaucoma\Im201_ACRIMA.jpg,Im201_ACRIMA.jpg,0,Normal
data\raw\ACRIMA\test\Non Glaucoma\Im222_ACRIMA.jpg,Im222_ACRIMA.jpg,0,Normal
data\raw\ACRIMA\test\Non Glaucoma\Im239_ACRIMA.jpg,Im239_ACRIMA.jpg,0,Normal
data\raw\ACRIMA\test\Non Glaucoma\Im241_ACRIMA.jpg,Im241_ACRIMA.jpg,0,Normal
data\raw\ACRIMA\test\Non Glaucoma\Im242_ACRIMA.jpg,Im242_ACRIMA.jpg,0,Normal
data\raw\ACRIMA\test\Non Glaucoma\Im243_ACRIMA.jpg,Im243_ACRIMA.jpg,0,Normal
data\raw\ACRIMA\test\Non Glaucoma\Im244_ACRIMA.jpg,Im244_ACRIMA.jpg,0,Normal
data\raw\ACRIMA\test\Non Glaucoma\Im245_ACRIMA.jpg,Im245_ACRIMA.jpg,0,Normal
data\raw\ACRIMA\test\Non Glaucoma\Im246_ACRIMA.jpg,Im246_ACRIMA.jpg,0,Normal
data\raw\ACRIMA\test\Non Glaucoma\Im247_ACRIMA.jpg,Im247_ACRIMA.jpg,0,Normal
data\raw\ACRIMA\test\Non Glaucoma\Im248_ACRIMA.jpg,Im248_ACRIMA.jpg,0,Normal
data\raw\ACRIMA\test\Non Glaucoma\Im249_ACRIMA.jpg,Im249_ACRIMA.jpg,0,Normal
data\raw\ACRIMA\test\Non Glaucoma\Im250_ACRIMA.jpg,Im250_ACRIMA.jpg,0,Normal
data\raw\ACRIMA\test\Non Glaucoma\Im251_ACRIMA.jpg,Im251_ACRIMA.jpg,0,Normal
data\raw\ACRIMA\test\Non Glaucoma\Im277_ACRIMA.jpg,Im277_ACRIMA.jpg,0,Normal
data\raw\ACRIMA\test\Non Glaucoma\Im278_ACRIMA.jpg,Im278_ACRIMA.jpg,0,Normal
data\raw\ACRIMA\test\Non Glaucoma\Im279_ACRIMA.jpg,Im279_ACRIMA.jpg,0,Normal
data\raw\ACRIMA\test\Non Glaucoma\Im280_ACRIMA.jpg,Im280_ACRIMA.jpg,0,Normal
data\raw\ACRIMA\test\Non Glaucoma\Im281_ACRIMA.jpg,Im281_ACRIMA.jpg,0,Normal
data\raw\ACRIMA\test\Non Glaucoma\Im282_ACRIMA.jpg,Im282_ACRIMA.jpg,0,Normal
data\raw\ACRIMA\test\Non Glaucoma\Im283_ACRIMA.jpg,Im283_ACRIMA.jpg,0,Normal
data\raw\ACRIMA\test\Non Glaucoma\Im284_ACRIMA.jpg,Im284_ACRIMA.jpg,0,Normal
data\raw\ACRIMA\test\Non Glaucoma\Im285_ACRIMA.jpg,Im285_ACRIMA.jpg,0,Normal
data\raw\ACRIMA\test\Non Glaucoma\Im286_ACRIMA.jpg,Im286_ACRIMA.jpg,0,Normal
data\raw\ACRIMA\test\Non Glaucoma\Im287_ACRIMA.jpg,Im287_ACRIMA.jpg,0,Normal
data\raw\ACRIMA\test\Non Glaucoma\Im289_ACRIMA.jpg,Im289_ACRIMA.jpg,0,Normal
data\raw\ACRIMA\test\Non Glaucoma\Im292_ACRIMA.jpg,Im292_ACRIMA.jpg,0,Normal
data\raw\ACRIMA\test\Non Glaucoma\Im303_ACRIMA.jpg,Im303_ACRIMA.jpg,0,Normal
data\raw\ACRIMA\test\Non Glaucoma\Im306_ACRIMA.jpg,Im306_ACRIMA.jpg,0,Normal
data\raw\ACRIMA\test\Non Glaucoma\Im308_ACRIMA.jpg,Im308_ACRIMA.jpg,0,Normal
